{
  "resourceType": "Patient",
  "id": "PacienteCl-5",
  "meta": {
    "versionId": "2",
    "lastUpdated": "2021-07-13T00:22:41.166Z",
    "profile": [
      "https://hl7chile.cl/fhir/ig/CoreCL/StructureDefinition/CorePacienteCl"
    ]
  },
  "text": {
    "status": "extensions",
    "div": "<div xmlns=\"http://www.w3.org/1999/xhtml\"><p><b>Generated Narrative</b></p><div style=\"display: inline-block; background-color: #d9e0e7; padding: 6px; margin: 4px; border: 1px solid #8da1b4; border-radius: 5px; line-height: 60%\"><p style=\"margin-bottom: 0px\">Resource \"PacienteCl-5\" Version \"2\" Updated \"2021-07-12T20:22:41.166-04:00\" </p><p style=\"margin-bottom: 0px\">Profile: <a href=\"StructureDefinition-CorePacienteCl.html\">Perfil Paciente Para Core Nacional</a></p></div><p><b>Codigo de Identificación de países</b>: Chile <span style=\"background: LightGoldenRodYellow; margin: 4px; border: 1px solid khaki\"> (unknown#152)</span></p><p><b>identifier</b>: Passport Number: P102145874 (OFFICIAL)</p><p><b>active</b>: true</p><p><b>name</b>: Juan José Ortega (OFFICIAL), JuanJo </p><p><b>telecom</b>: <a href=\"mailto:juan@jo.cl\">juan@jo.cl</a></p><p><b>gender</b>: male</p><p><b>birthDate</b>: 1980-08-04</p><p><b>address</b>: Ñuñoa Metropolitana de Santiago Chile (HOME)</p><h3>Contacts</h3><table class=\"grid\"><tr><td>-</td><td><b>Extension</b></td><td><b>Relationship</b></td><td><b>Name</b></td></tr><tr><td>*</td><td></td><td>Next-of-Kin <span style=\"background: LightGoldenRodYellow; margin: 4px; border: 1px solid khaki\"> (<a href=\"http://terminology.hl7.org/3.1.0/CodeSystem-v2-0131.html\">contactRole2</a>#N)</span></td><td>Juana Josefa Calleja (OFFICIAL)</td></tr></table></div>"
  },
  "extension": [
    {
      "url": "https://hl7chile.cl/fhir/ig/CoreCL/StructureDefinition/CodigoPaises",
      "valueCodeableConcept": {
        "coding": [
          {
            "system": "urn:iso:std:iso:3166",
            "code": "152",
            "display": "Chile"
          }
        ]
      }
    }
  ],
  "identifier": [
    {
      "use": "official",
      "type": {
        "extension": [
          {
            "url": "https://hl7chile.cl/fhir/ig/CoreCL/StructureDefinition/CodigoPaises",
            "valueCodeableConcept": {
              "coding": [
                {
                  "system": "urn:iso:std:iso:3166",
                  "code": "152",
                  "display": "Chile"
                }
              ]
            }
          }
        ],
        "coding": [
          {
            "system": "http://terminology.hl7.org/CodeSystem/v2-0203",
            "code": "PPN",
            "display": "Passport Number"
          }
        ]
      },
      "system": "http://regcivil.cl/Validacion/Passport",
      "value": "P102145874"
    }
  ],
  "active": true,
  "name": [
    {
      "use": "official",
      "family": "Ortega",
      "_family": {
        "extension": [
          {
            "url": "http://hl7.org/fhir/StructureDefinition/humanname-mothers-family",
            "valueString": "Callejas"
          }
        ]
      },
      "given": [
        "Juan",
        "José"
      ]
    },
    {
      "use": "usual",
      "given": [
        "JuanJo"
      ]
    }
  ],
  "telecom": [
    {
      "system": "email",
      "value": "juan@jo.cl",
      "use": "home"
    }
  ],
  "gender": "male",
  "birthDate": "1980-08-04",
  "address": [
    {
      "use": "home",
      "city": "Ñuñoa",
      "_city": {
        "extension": [
          {
            "url": "https://hl7chile.cl/fhir/ig/CoreCL/StructureDefinition/ComunasCl",
            "valueCodeableConcept": {
              "coding": [
                {
                  "code": "13120"
                }
              ]
            }
          }
        ]
      },
      "district": "Santiago",
      "_district": {
        "extension": [
          {
            "url": "https://hl7chile.cl/fhir/ig/CoreCL/StructureDefinition/ProvinciasCl",
            "valueCodeableConcept": {
              "coding": [
                {
                  "code": "131"
                }
              ]
            }
          }
        ]
      },
      "state": "Metropolitana de Santiago",
      "_state": {
        "extension": [
          {
            "url": "https://hl7chile.cl/fhir/ig/CoreCL/StructureDefinition/RegionesCl",
            "valueCodeableConcept": {
              "coding": [
                {
                  "code": "13"
                }
              ]
            }
          }
        ]
      },
      "country": "Chile",
      "_country": {
        "extension": [
          {
            "url": "https://hl7chile.cl/fhir/ig/CoreCL/StructureDefinition/CodigoPaises",
            "valueCodeableConcept": {
              "coding": [
                {
                  "code": "152"
                }
              ]
            }
          }
        ]
      }
    }
  ],
  "contact": [
    {
      "extension": [
        {
          "extension": [
            {
              "url": "tutId",
              "valueIdentifier": {
                "type": {
                  "coding": [
                    {
                      "system": "https://hl7chile.cl/fhir/ig/CoreCL/CodeSystem/CSCodigoDNI",
                      "code": "NNCHL",
                      "display": "Chile"
                    }
                  ]
                },
                "system": "http://regcivil.cl/Validacion/RUN",
                "value": "8987321-7"
              }
            },
            {
              "url": "docProc",
              "valueCodeableConcept": {
                "coding": [
                  {
                    "system": "urn:iso:std:iso:3166",
                    "code": "152",
                    "display": "Chile"
                  }
                ]
              }
            }
          ],
          "url": "https://hl7chile.cl/fhir/ig/CoreCL/StructureDefinition/IdContacto"
        }
      ],
      "relationship": [
        {
          "coding": [
            {
              "system": "http://terminology.hl7.org/CodeSystem/v2-0131",
              "code": "N",
              "display": "Next-of-Kin"
            }
          ]
        }
      ],
      "name": {
        "use": "official",
        "family": "Calleja",
        "_family": {
          "extension": [
            {
              "url": "http://hl7.org/fhir/StructureDefinition/humanname-mothers-family",
              "valueString": "Morales"
            }
          ]
        },
        "given": [
          "Juana",
          "Josefa"
        ]
      }
    }
  ]
}