{
  "resourceType": "RequestGroup",
  "id": "RG12224",
  "text": {
    "status": "generated",
    "div": "<div xmlns=\"http://www.w3.org/1999/xhtml\"><p><b>Generated Narrative</b></p><div style=\"display: inline-block; background-color: #d9e0e7; padding: 6px; margin: 4px; border: 1px solid #8da1b4; border-radius: 5px; line-height: 60%\"><p style=\"margin-bottom: 0px\">Resource \"RG12224\" </p></div><p><b>status</b>: draft</p><p><b>intent</b>: plan</p></div>"
  },
  "status": "draft",
  "intent": "plan"
}