<?xml version="1.0" encoding="UTF-8"?>

<CodeSystem xmlns="http://hl7.org/fhir">
  <id value="CSRazonNOTinm"/>
  <text>
    <status value="generated"/><div xmlns="http://www.w3.org/1999/xhtml"><p>This code system https://hl7chile.cl/fhir/ig/CoreCL/CodeSystem/CSRazonNOTinm defines the following codes:</p><table class="codes"><tr><td style="white-space:nowrap"><b>Code</b></td><td><b>Display</b></td></tr><tr><td style="white-space:nowrap">solicitudPaci<a name="CSRazonNOTinm-solicitudPaci"> </a></td><td>Solicitud del paciente</td></tr><tr><td style="white-space:nowrap">otras<a name="CSRazonNOTinm-otras"> </a></td><td>Otras</td></tr><tr><td style="white-space:nowrap">contraindicación<a name="CSRazonNOTinm-contraindicaci.243n"> </a></td><td>Contraindicación</td></tr><tr><td style="white-space:nowrap">solicitudPad<a name="CSRazonNOTinm-solicitudPad"> </a></td><td>Solicitud de los Padres</td></tr></table></div>
  </text>
  <url value="https://hl7chile.cl/fhir/ig/CoreCL/CodeSystem/CSRazonNOTinm"/>
  <version value="1.5.0"/>
  <name value="CSRazonNOinmunizacionCL"/>
  <title value="Códigos de razones por las cuales el registro de inmunización no se pudo llevar a cabo"/>
  <status value="active"/>
  <date value="2022-06-10T00:00:00-03:00"/>
  <publisher value="HL7 Chile"/>
  <contact>
    <name value="HL7 Chile"/>
    <telecom>
      <system value="url"/>
      <value value="http://hl7chile.cl"/>
    </telecom>
    <telecom>
      <system value="email"/>
      <value value="chair@hl7chile.cl"/>
    </telecom>
  </contact>
  <description value="Códigos de las razones por la cual el registro de inmunización no pudo realizarse según indicaciones del Ministerio de Salud"/>
  <jurisdiction>
    <coding>
      <system value="urn:iso:std:iso:3166"/>
      <code value="CL"/>
      <display value="Chile"/>
    </coding>
  </jurisdiction>
  <copyright value="Usado con el permiso de HL7 International, todos los derechos resevados en los Licencias de HL7 Internacional."/>
  <content value="complete"/>
  <count value="4"/>
  <concept>
    <code value="solicitudPaci"/>
    <display value="Solicitud del paciente"/>
  </concept>
  <concept>
    <code value="otras"/>
    <display value="Otras"/>
  </concept>
  <concept>
    <code value="contraindicación"/>
    <display value="Contraindicación"/>
  </concept>
  <concept>
    <code value="solicitudPad"/>
    <display value="Solicitud de los Padres"/>
  </concept>
</CodeSystem>