{
  "resourceType": "CodeSystem",
  "id": "CSTiposEncuentro",
  "text": {
    "status": "generated",
    "div": "<div xmlns=\"http://www.w3.org/1999/xhtml\"><p>This code system https://hl7chile.cl/fhir/ig/CoreCL/CodeSystem/CSTiposEncuentro defines the following codes:</p><table class=\"codes\"><tr><td style=\"white-space:nowrap\"><b>Code</b></td><td><b>Display</b></td></tr><tr><td style=\"white-space:nowrap\">Programmed<a name=\"CSTiposEncuentro-Programmed\"> </a></td><td>Programada</td></tr><tr><td style=\"white-space:nowrap\">Spontaneous<a name=\"CSTiposEncuentro-Spontaneous\"> </a></td><td>Espontánea</td></tr><tr><td style=\"white-space:nowrap\">Committee<a name=\"CSTiposEncuentro-Committee\"> </a></td><td>Comité</td></tr></table></div>"
  },
  "url": "https://hl7chile.cl/fhir/ig/CoreCL/CodeSystem/CSTiposEncuentro",
  "version": "1.5.0",
  "name": "CSTiposEncuentroCL",
  "title": "Códigos de Tipos de Encuentro",
  "status": "active",
  "date": "2022-05-21T00:00:00-03:00",
  "publisher": "HL7 Chile",
  "contact": [
    {
      "name": "HL7 Chile",
      "telecom": [
        {
          "system": "url",
          "value": "http://hl7chile.cl"
        },
        {
          "system": "email",
          "value": "chair@hl7chile.cl"
        }
      ]
    }
  ],
  "description": "Códigos de Encuentros según Minsal",
  "jurisdiction": [
    {
      "coding": [
        {
          "system": "urn:iso:std:iso:3166",
          "code": "CL",
          "display": "Chile"
        }
      ]
    }
  ],
  "copyright": "Usado con el permiso de HL7 International, todos los derechos resevados en los Licencias de HL7 Internacional.",
  "content": "complete",
  "count": 3,
  "concept": [
    {
      "code": "Programmed",
      "display": "Programada"
    },
    {
      "code": "Spontaneous",
      "display": "Espontánea"
    },
    {
      "code": "Committee",
      "display": "Comité"
    }
  ]
}