{
  "resourceType": "ImplementationGuide",
  "id": "hl7.fhir.cl.corecl",
  "text": {
    "status": "extensions",
    "div": "<div xmlns=\"http://www.w3.org/1999/xhtml\"><h2>CoreCLDEV</h2><p>The official URL for this implementation guide is: </p><pre>https://hl7chile.cl/fhir/ig/CoreCL/ImplementationGuide/hl7.fhir.cl.corecl</pre><div><p>Guía de Implementación Versión de Desarrollo Sobre STU 1, para los perfiles Core que se van a requerir a nivel de desarrollo Nacional para Sistemas que Intercambien datos en estandar FHIR-R4</p>\n</div></div>"
  },
  "url": "https://hl7chile.cl/fhir/ig/CoreCL/ImplementationGuide/hl7.fhir.cl.corecl",
  "version": "1.5.0",
  "name": "CoreCLDEV",
  "title": "Guía de Implementación Core-CL FHIR R4, (Versión Evolutiva)",
  "status": "draft",
  "date": "2022-05",
  "publisher": "HL7 Chile",
  "contact": [
    {
      "name": "HL7 Chile",
      "telecom": [
        {
          "system": "url",
          "value": "http://hl7chile.cl"
        },
        {
          "system": "email",
          "value": "chair@hl7chile.cl"
        }
      ]
    }
  ],
  "description": "Guía de Implementación Versión de Desarrollo Sobre STU 1, para los perfiles Core que se van a requerir a nivel de desarrollo Nacional para Sistemas que Intercambien datos en estandar FHIR-R4",
  "jurisdiction": [
    {
      "coding": [
        {
          "system": "urn:iso:std:iso:3166",
          "code": "CL",
          "display": "Chile"
        }
      ]
    }
  ],
  "copyright": "Usado con el permiso de HL7 International, todos los derechos resevados en los Licencias de HL7 Internacional.",
  "packageId": "hl7.fhir.cl.corecl",
  "license": "CC0-1.0",
  "fhirVersion": [
    "4.0.1"
  ],
  "dependsOn": [
    {
      "id": "hl7tx",
      "uri": "http://terminology.hl7.org/ImplementationGuide/hl7.terminology",
      "packageId": "hl7.terminology.r4",
      "version": "3.1.0"
    }
  ],
  "definition": {
    "extension": [
      {
        "extension": [
          {
            "url": "code",
            "valueString": "copyrightyear"
          },
          {
            "url": "value",
            "valueString": "2021+"
          }
        ],
        "url": "http://hl7.org/fhir/tools/StructureDefinition/ig-parameter"
      },
      {
        "extension": [
          {
            "url": "code",
            "valueString": "releaselabel"
          },
          {
            "url": "value",
            "valueString": "CI Build"
          }
        ],
        "url": "http://hl7.org/fhir/tools/StructureDefinition/ig-parameter"
      },
      {
        "extension": [
          {
            "url": "code",
            "valueString": "apply-publisher"
          },
          {
            "url": "value",
            "valueString": "true"
          }
        ],
        "url": "http://hl7.org/fhir/tools/StructureDefinition/ig-parameter"
      },
      {
        "extension": [
          {
            "url": "code",
            "valueString": "apply-contact"
          },
          {
            "url": "value",
            "valueString": "true"
          }
        ],
        "url": "http://hl7.org/fhir/tools/StructureDefinition/ig-parameter"
      },
      {
        "extension": [
          {
            "url": "code",
            "valueString": "show-inherited-invariants"
          },
          {
            "url": "value",
            "valueString": "false"
          }
        ],
        "url": "http://hl7.org/fhir/tools/StructureDefinition/ig-parameter"
      },
      {
        "extension": [
          {
            "url": "code",
            "valueString": "autoload-resources"
          },
          {
            "url": "value",
            "valueString": "true"
          }
        ],
        "url": "http://hl7.org/fhir/tools/StructureDefinition/ig-parameter"
      },
      {
        "extension": [
          {
            "url": "code",
            "valueString": "path-liquid"
          },
          {
            "url": "value",
            "valueString": "template/liquid"
          }
        ],
        "url": "http://hl7.org/fhir/tools/StructureDefinition/ig-parameter"
      },
      {
        "extension": [
          {
            "url": "code",
            "valueString": "path-liquid"
          },
          {
            "url": "value",
            "valueString": "input/liquid"
          }
        ],
        "url": "http://hl7.org/fhir/tools/StructureDefinition/ig-parameter"
      },
      {
        "extension": [
          {
            "url": "code",
            "valueString": "path-qa"
          },
          {
            "url": "value",
            "valueString": "temp/qa"
          }
        ],
        "url": "http://hl7.org/fhir/tools/StructureDefinition/ig-parameter"
      },
      {
        "extension": [
          {
            "url": "code",
            "valueString": "path-temp"
          },
          {
            "url": "value",
            "valueString": "temp/pages"
          }
        ],
        "url": "http://hl7.org/fhir/tools/StructureDefinition/ig-parameter"
      },
      {
        "extension": [
          {
            "url": "code",
            "valueString": "path-output"
          },
          {
            "url": "value",
            "valueString": "output"
          }
        ],
        "url": "http://hl7.org/fhir/tools/StructureDefinition/ig-parameter"
      },
      {
        "extension": [
          {
            "url": "code",
            "valueString": "path-suppressed-warnings"
          },
          {
            "url": "value",
            "valueString": "input/ignoreWarnings.txt"
          }
        ],
        "url": "http://hl7.org/fhir/tools/StructureDefinition/ig-parameter"
      },
      {
        "extension": [
          {
            "url": "code",
            "valueString": "path-history"
          },
          {
            "url": "value",
            "valueString": "https://hl7chile.cl/fhir/ig/CoreCL/history.html"
          }
        ],
        "url": "http://hl7.org/fhir/tools/StructureDefinition/ig-parameter"
      },
      {
        "extension": [
          {
            "url": "code",
            "valueString": "template-html"
          },
          {
            "url": "value",
            "valueString": "template-page.html"
          }
        ],
        "url": "http://hl7.org/fhir/tools/StructureDefinition/ig-parameter"
      },
      {
        "extension": [
          {
            "url": "code",
            "valueString": "template-md"
          },
          {
            "url": "value",
            "valueString": "template-page-md.html"
          }
        ],
        "url": "http://hl7.org/fhir/tools/StructureDefinition/ig-parameter"
      },
      {
        "extension": [
          {
            "url": "code",
            "valueString": "apply-context"
          },
          {
            "url": "value",
            "valueString": "true"
          }
        ],
        "url": "http://hl7.org/fhir/tools/StructureDefinition/ig-parameter"
      },
      {
        "extension": [
          {
            "url": "code",
            "valueString": "apply-copyright"
          },
          {
            "url": "value",
            "valueString": "true"
          }
        ],
        "url": "http://hl7.org/fhir/tools/StructureDefinition/ig-parameter"
      },
      {
        "extension": [
          {
            "url": "code",
            "valueString": "apply-jurisdiction"
          },
          {
            "url": "value",
            "valueString": "true"
          }
        ],
        "url": "http://hl7.org/fhir/tools/StructureDefinition/ig-parameter"
      },
      {
        "extension": [
          {
            "url": "code",
            "valueString": "apply-license"
          },
          {
            "url": "value",
            "valueString": "true"
          }
        ],
        "url": "http://hl7.org/fhir/tools/StructureDefinition/ig-parameter"
      },
      {
        "extension": [
          {
            "url": "code",
            "valueString": "apply-version"
          },
          {
            "url": "value",
            "valueString": "true"
          }
        ],
        "url": "http://hl7.org/fhir/tools/StructureDefinition/ig-parameter"
      },
      {
        "extension": [
          {
            "url": "code",
            "valueString": "active-tables"
          },
          {
            "url": "value",
            "valueString": "true"
          }
        ],
        "url": "http://hl7.org/fhir/tools/StructureDefinition/ig-parameter"
      }
    ],
    "resource": [
      {
        "extension": [
          {
            "url": "http://hl7.org/fhir/tools/StructureDefinition/resource-information",
            "valueString": "StructureDefinition:resource"
          }
        ],
        "reference": {
          "reference": "StructureDefinition/AuditEventCl"
        },
        "name": "Perfil para log de seguridad de acceso a recursos",
        "description": "Perfil para genererar un recurso que permita desarrollar logs de auditoría en cuanto al acceso y manejo de recursos FHIR",
        "exampleBoolean": false
      },
      {
        "extension": [
          {
            "url": "http://hl7.org/fhir/tools/StructureDefinition/resource-information",
            "valueString": "StructureDefinition:resource"
          }
        ],
        "reference": {
          "reference": "StructureDefinition/BundleCl"
        },
        "name": "BundleCL",
        "description": "Este Perfil describe como debe ser el recurso Bundle que permite transportar una serie de recursos de PRescripción para  conformar una receta",
        "exampleBoolean": false
      },
      {
        "extension": [
          {
            "url": "http://hl7.org/fhir/tools/StructureDefinition/resource-information",
            "valueString": "StructureDefinition:resource"
          }
        ],
        "reference": {
          "reference": "StructureDefinition/CoreEspecialidadCl"
        },
        "name": "Perfil utilizaco para asignar una o mas especialidades medicas a un prestador de salud.",
        "description": "Este Perfil ha sido desarrollado para cubrir las necesidades del Caso de Uso de Receta Electrónica. Sin embargo, se ha modelado con el fin de cubrir las necesidades nacionales de un Recurso de Especialidad Médica para la denominación de Prescriptor en Chile",
        "exampleBoolean": false
      },
      {
        "extension": [
          {
            "url": "http://hl7.org/fhir/tools/StructureDefinition/resource-information",
            "valueString": "StructureDefinition:resource"
          }
        ],
        "reference": {
          "reference": "StructureDefinition/EncounterCL"
        },
        "name": "Encuentro CL",
        "description": "Definición de un Encuentro clínico remoto para las necesidades de interoperabilidad en Chile.",
        "exampleBoolean": false
      },
      {
        "extension": [
          {
            "url": "http://hl7.org/fhir/tools/StructureDefinition/resource-information",
            "valueString": "StructureDefinition:resource"
          }
        ],
        "reference": {
          "reference": "StructureDefinition/ImmunizationCL"
        },
        "name": "Inmunización CL",
        "description": "Definición de un evento de inmunización para las necesidades de interoperabilidad en Chile.",
        "exampleBoolean": false
      },
      {
        "extension": [
          {
            "url": "http://hl7.org/fhir/tools/StructureDefinition/resource-information",
            "valueString": "StructureDefinition:resource"
          }
        ],
        "reference": {
          "reference": "StructureDefinition/CoreLocalizacionCl"
        },
        "name": "Perfil de Localización de Objetos e Infraestructura",
        "description": "Este perfil determina la ubicación especifica para un evento, objeto o Infraestructura específica. Este perfil permite vinlcular la localización especifica con una organización o espacio físico específico",
        "exampleBoolean": false
      },
      {
        "extension": [
          {
            "url": "http://hl7.org/fhir/tools/StructureDefinition/resource-information",
            "valueString": "StructureDefinition:resource"
          }
        ],
        "reference": {
          "reference": "StructureDefinition/CoreMedicamentoCl"
        },
        "name": "Medicamento Core Nacional",
        "description": "Este Perfil ha sido desarrollado para cubrir las necesidades del Caso de Uso de Receta Electrónica desde la visión del TFC que se usará para poder manejar farmacos ya registrados, y que deberán ser consultados por los prestadores a la hora de prescribir algno.",
        "exampleBoolean": false
      },
      {
        "extension": [
          {
            "url": "http://hl7.org/fhir/tools/StructureDefinition/resource-information",
            "valueString": "StructureDefinition:resource"
          }
        ],
        "reference": {
          "reference": "StructureDefinition/CoreOrganizacionCl"
        },
        "name": "Perfil de Organización de Salud en Chile",
        "description": "Este Perfil ha sido desarrollado para cubrir las necesidades del Caso de Uso de Receta Electrónica. Sin embargo, se ha modelado para también cubrir las necesidades nacionales de un Recurso de Organzación en Salud",
        "exampleBoolean": false
      },
      {
        "extension": [
          {
            "url": "http://hl7.org/fhir/tools/StructureDefinition/resource-information",
            "valueString": "StructureDefinition:resource"
          }
        ],
        "reference": {
          "reference": "StructureDefinition/CorePacienteCl"
        },
        "name": "Perfil Paciente Para Core Nacional",
        "description": "Este Perfil ha sido desarrollado para cubrir las necesidades del Caso de Uso de Receta Electrónica. Sin embargo, se ha modelado con el fin de cubrir las necesidades nacionales de un Recurso Paciente para un Historial Clínico Nacional",
        "exampleBoolean": false
      },
      {
        "extension": [
          {
            "url": "http://hl7.org/fhir/tools/StructureDefinition/resource-information",
            "valueString": "StructureDefinition:resource"
          }
        ],
        "reference": {
          "reference": "StructureDefinition/CorePrestadorCl"
        },
        "name": "Prestador Core-CL",
        "description": "Este Perfil fue creado para cubrir la descripción de un Prestador a nivel Nacional",
        "exampleBoolean": false
      },
      {
        "extension": [
          {
            "url": "http://hl7.org/fhir/tools/StructureDefinition/resource-information",
            "valueString": "StructureDefinition:resource"
          }
        ],
        "reference": {
          "reference": "StructureDefinition/ProvenanceCl"
        },
        "name": "Validación de la Procedencia de Recursos",
        "description": "Este Perfil describe la forma de validación respecto a la procedencia de un recurso genrado durante un acto clínico.",
        "exampleBoolean": false
      },
      {
        "extension": [
          {
            "url": "http://hl7.org/fhir/tools/StructureDefinition/resource-information",
            "valueString": "StructureDefinition:extension"
          }
        ],
        "reference": {
          "reference": "StructureDefinition/ComunasCl"
        },
        "name": "Códigos para Comunas en Chile",
        "description": "Esta extensión que permite codiificar las Comunas en Chile en el campo de Dirección",
        "exampleBoolean": false
      },
      {
        "extension": [
          {
            "url": "http://hl7.org/fhir/tools/StructureDefinition/resource-information",
            "valueString": "StructureDefinition:extension"
          }
        ],
        "reference": {
          "reference": "StructureDefinition/ContactoParticipantes"
        },
        "name": "Contacto de los participantes secundarios del encuentro",
        "description": "Esta extensión incluye los codigos de los medios de contacto que se tiene para los participantes secundarios",
        "exampleBoolean": false
      },
      {
        "extension": [
          {
            "url": "http://hl7.org/fhir/tools/StructureDefinition/resource-information",
            "valueString": "StructureDefinition:extension"
          }
        ],
        "reference": {
          "reference": "StructureDefinition/EspecialidadesMedico"
        },
        "name": "Especialidad del medico principal",
        "description": "Esta extensión incluye los codigos de las especialidades que puede tener el medico principal",
        "exampleBoolean": false
      },
      {
        "extension": [
          {
            "url": "http://hl7.org/fhir/tools/StructureDefinition/resource-information",
            "valueString": "StructureDefinition:extension"
          }
        ],
        "reference": {
          "reference": "StructureDefinition/IdContacto"
        },
        "name": "Identificación del Contacto de un Paciente",
        "description": "Identificación de contacto de paciente en especial para casos en los cuales este actúa como Tutor Legal",
        "exampleBoolean": false
      },
      {
        "extension": [
          {
            "url": "http://hl7.org/fhir/tools/StructureDefinition/resource-information",
            "valueString": "StructureDefinition:extension"
          }
        ],
        "reference": {
          "reference": "StructureDefinition/NombreCampana"
        },
        "name": "Nombre de la Campaña de vacunación establecida por el RNI (Registro Nacional de Inmunizaciones)",
        "description": "Esta extensión incluye los nombres de las distintas Campañas que se realizan y estan registradas en el RNI",
        "exampleBoolean": false
      },
      {
        "extension": [
          {
            "url": "http://hl7.org/fhir/tools/StructureDefinition/resource-information",
            "valueString": "StructureDefinition:extension"
          }
        ],
        "reference": {
          "reference": "StructureDefinition/NotasEncuentro"
        },
        "name": "Notas realizadas en un encuentro por Comite",
        "description": "Esta extensión incluye los codigos de los medios de contacto que se tiene para los participantes secundarios",
        "exampleBoolean": false
      },
      {
        "extension": [
          {
            "url": "http://hl7.org/fhir/tools/StructureDefinition/resource-information",
            "valueString": "StructureDefinition:extension"
          }
        ],
        "reference": {
          "reference": "StructureDefinition/ObservacionesDiagnostico"
        },
        "name": "Observaciones o comentarios simples respecto a un diagnostico",
        "description": "Esta extension sirve para insertar comentarios acerca a un diagnostico medico realizado en un encuentro remoto",
        "exampleBoolean": false
      },
      {
        "extension": [
          {
            "url": "http://hl7.org/fhir/tools/StructureDefinition/resource-information",
            "valueString": "StructureDefinition:extension"
          }
        ],
        "reference": {
          "reference": "StructureDefinition/CodigoPaises"
        },
        "name": "Codigo de Identificación de países",
        "description": "Esta extensión incluye códigos de paises de origen",
        "exampleBoolean": false
      },
      {
        "extension": [
          {
            "url": "http://hl7.org/fhir/tools/StructureDefinition/resource-information",
            "valueString": "StructureDefinition:extension"
          }
        ],
        "reference": {
          "reference": "StructureDefinition/ProvinciasCl"
        },
        "name": "Códigos para Provincias en Chile",
        "description": "Esta extensión que permite codificar las Provincias en Chile en el campo de Dirección",
        "exampleBoolean": false
      },
      {
        "extension": [
          {
            "url": "http://hl7.org/fhir/tools/StructureDefinition/resource-information",
            "valueString": "StructureDefinition:extension"
          }
        ],
        "reference": {
          "reference": "StructureDefinition/RazonNOrealizarse"
        },
        "name": "Código de las razones por la cual no se pudo realizar la atención",
        "description": "Esta extensión incluye codigos de razones por la cuales no pudo llevarse a cabo el encuentro remoto",
        "exampleBoolean": false
      },
      {
        "extension": [
          {
            "url": "http://hl7.org/fhir/tools/StructureDefinition/resource-information",
            "valueString": "StructureDefinition:extension"
          }
        ],
        "reference": {
          "reference": "StructureDefinition/RazonNOrealizarseInm"
        },
        "name": "Razones por las cuales no se pudo realizar la inmunización",
        "description": "Esta extensión incluye las razones por la cuales no pudo llevarse a cabo la inmunización",
        "exampleBoolean": false
      },
      {
        "extension": [
          {
            "url": "http://hl7.org/fhir/tools/StructureDefinition/resource-information",
            "valueString": "StructureDefinition:extension"
          }
        ],
        "reference": {
          "reference": "StructureDefinition/RegionesCl"
        },
        "name": "Códigos para Regiones en Chile",
        "description": "Esta extensión que permite codificar las Regiones en Chile en el campo de Dirección",
        "exampleBoolean": false
      },
      {
        "extension": [
          {
            "url": "http://hl7.org/fhir/tools/StructureDefinition/resource-information",
            "valueString": "StructureDefinition:extension"
          }
        ],
        "reference": {
          "reference": "StructureDefinition/ServicioSalud"
        },
        "name": "Sistema Nacional de Servicios de Salud",
        "description": "Esta extensión incluye los codigos de los Servicios de Salud que existen en el país",
        "exampleBoolean": false
      },
      {
        "extension": [
          {
            "url": "http://hl7.org/fhir/tools/StructureDefinition/resource-information",
            "valueString": "StructureDefinition:extension"
          }
        ],
        "reference": {
          "reference": "StructureDefinition/TiposEncuentro"
        },
        "name": "Código de tipos de encuentro remoto",
        "description": "Esta extensión incluye códigos de los tipos de encuentro que se realizan de forma remota",
        "exampleBoolean": false
      },
      {
        "extension": [
          {
            "url": "http://hl7.org/fhir/tools/StructureDefinition/resource-information",
            "valueString": "StructureDefinition:extension"
          }
        ],
        "reference": {
          "reference": "StructureDefinition/TiposVacunaRNI"
        },
        "name": "Código de tipos de Vacunas en Chile",
        "description": "Esta extensión incluye códigos de los tipos de vacunas que existe en el Registro Nacional de Inmunizaciones RNI",
        "exampleBoolean": false
      },
      {
        "extension": [
          {
            "url": "http://hl7.org/fhir/tools/StructureDefinition/resource-information",
            "valueString": "StructureDefinition:extension"
          }
        ],
        "reference": {
          "reference": "StructureDefinition/TiposServicio"
        },
        "name": "Código de los tipos de servicio que se atiende",
        "description": "Esta extensión incluye códigos de servicios que se entregan de forma remota",
        "exampleBoolean": false
      },
      {
        "extension": [
          {
            "url": "http://hl7.org/fhir/tools/StructureDefinition/resource-information",
            "valueString": "ValueSet"
          }
        ],
        "reference": {
          "reference": "ValueSet/CodPais"
        },
        "name": "Códigos de Países",
        "description": "Codigos definidos para la identificación de países segun norma ISO3166-N",
        "exampleBoolean": false
      },
      {
        "extension": [
          {
            "url": "http://hl7.org/fhir/tools/StructureDefinition/resource-information",
            "valueString": "ValueSet"
          }
        ],
        "reference": {
          "reference": "ValueSet/VSCodigosComunaCL"
        },
        "name": "Códigos de Comunas en Chile",
        "description": "Códigos de Comunas para Chile según Códigos Únicos Territoriales Actualizados, por Decreto exento No 817 del Ministerio del Interior",
        "exampleBoolean": false
      },
      {
        "extension": [
          {
            "url": "http://hl7.org/fhir/tools/StructureDefinition/resource-information",
            "valueString": "ValueSet"
          }
        ],
        "reference": {
          "reference": "ValueSet/VSCodigosProvinciasCL"
        },
        "name": "Códigos de Provincias en Chile",
        "description": "Códigos de Provincias para Chile según Códigos Únicos Territoriales Actualizados, por Decreto exento No 817 del Ministerio del Interior",
        "exampleBoolean": false
      },
      {
        "extension": [
          {
            "url": "http://hl7.org/fhir/tools/StructureDefinition/resource-information",
            "valueString": "ValueSet"
          }
        ],
        "reference": {
          "reference": "ValueSet/VSCodigosRegionesCL"
        },
        "name": "Códigos de Regiones en Chile",
        "description": "Códigos de Regiones para Chile según Códigos Únicos Territoriales Actualizados, por Decreto exento No 817 del Ministerio del Interior",
        "exampleBoolean": false
      },
      {
        "extension": [
          {
            "url": "http://hl7.org/fhir/tools/StructureDefinition/resource-information",
            "valueString": "ValueSet"
          }
        ],
        "reference": {
          "reference": "ValueSet/VSCodigosServiciosSalud"
        },
        "name": "Códigos de Servicos de Salud en Chile",
        "description": "Códigos de Servicios de Salud que existen en Chile",
        "exampleBoolean": false
      },
      {
        "extension": [
          {
            "url": "http://hl7.org/fhir/tools/StructureDefinition/resource-information",
            "valueString": "ValueSet"
          }
        ],
        "reference": {
          "reference": "ValueSet/VSContactosec"
        },
        "name": "Contacto participantes",
        "description": "Contacto telefonico o correo de los participantes",
        "exampleBoolean": false
      },
      {
        "extension": [
          {
            "url": "http://hl7.org/fhir/tools/StructureDefinition/resource-information",
            "valueString": "ValueSet"
          }
        ],
        "reference": {
          "reference": "ValueSet/VSEspecialidadesDeisCL"
        },
        "name": "Códigos de Especialidades",
        "description": "Códigos de especialidades médicas descritas según DEIS",
        "exampleBoolean": false
      },
      {
        "extension": [
          {
            "url": "http://hl7.org/fhir/tools/StructureDefinition/resource-information",
            "valueString": "ValueSet"
          }
        ],
        "reference": {
          "reference": "ValueSet/VSNombreCampana"
        },
        "name": "Campañas de vacunación que se realizan según RNI",
        "description": "Campañas de Inmunización utilizada en Chile según CodeSystem local",
        "exampleBoolean": false
      },
      {
        "extension": [
          {
            "url": "http://hl7.org/fhir/tools/StructureDefinition/resource-information",
            "valueString": "ValueSet"
          }
        ],
        "reference": {
          "reference": "ValueSet/VSRazonNOTinm"
        },
        "name": "Razones por las cuales no se pudo realizar la inmunización",
        "description": "Razones por la que no se lleva a cabo la administración de una vacuna o registro de una inmunización según CodeSystem local",
        "exampleBoolean": false
      },
      {
        "extension": [
          {
            "url": "http://hl7.org/fhir/tools/StructureDefinition/resource-information",
            "valueString": "ValueSet"
          }
        ],
        "reference": {
          "reference": "ValueSet/VSRazonNOT"
        },
        "name": "Razones por la que no se pudieron realizar la atención",
        "description": "Razones por la que no se lleva a cabo un encuentro remoto según CodeSystem local.",
        "exampleBoolean": false
      },
      {
        "extension": [
          {
            "url": "http://hl7.org/fhir/tools/StructureDefinition/resource-information",
            "valueString": "ValueSet"
          }
        ],
        "reference": {
          "reference": "ValueSet/VSTiposDocumentos"
        },
        "name": "Tipos de Documentos",
        "description": "Tipos de Documentos para identificación según tabla HL7 V3 y CodeSystem local.",
        "exampleBoolean": false
      },
      {
        "extension": [
          {
            "url": "http://hl7.org/fhir/tools/StructureDefinition/resource-information",
            "valueString": "ValueSet"
          }
        ],
        "reference": {
          "reference": "ValueSet/VSTiposEncuentro"
        },
        "name": "Códigos de Tipos de Encuentro",
        "description": "Códigos de Encuentros según Minsal",
        "exampleBoolean": false
      },
      {
        "extension": [
          {
            "url": "http://hl7.org/fhir/tools/StructureDefinition/resource-information",
            "valueString": "ValueSet"
          }
        ],
        "reference": {
          "reference": "ValueSet/VSTiposServicio"
        },
        "name": "Tipos de Servicios",
        "description": "Tipos de Servicios para encuentro remoto segun CodeSystem local.",
        "exampleBoolean": false
      },
      {
        "extension": [
          {
            "url": "http://hl7.org/fhir/tools/StructureDefinition/resource-information",
            "valueString": "ValueSet"
          }
        ],
        "reference": {
          "reference": "ValueSet/VSTiposVacunas"
        },
        "name": "Tipos de Vacunas RNI",
        "description": "Tipos de Vacunas utilizadas en Chile según CodeSystem local",
        "exampleBoolean": false
      },
      {
        "extension": [
          {
            "url": "http://hl7.org/fhir/tools/StructureDefinition/resource-information",
            "valueString": "CodeSystem"
          }
        ],
        "reference": {
          "reference": "CodeSystem/CSCodComunasCL"
        },
        "name": "Códigos de Comunas en Chile",
        "description": "Códigos de Comunas para Chile según Códigos Únicos Territoriales Actualizados, por Decreto exento No 817 del Ministerio del Interior",
        "exampleBoolean": false
      },
      {
        "extension": [
          {
            "url": "http://hl7.org/fhir/tools/StructureDefinition/resource-information",
            "valueString": "CodeSystem"
          }
        ],
        "reference": {
          "reference": "CodeSystem/CSCodProvinciasCL"
        },
        "name": "Códigos de Provincias en Chile",
        "description": "Códigos de Provincias para Chile según Códigos Únicos Territoriales Actualizados, por Decreto exento No 817 del Ministerio del Interior",
        "exampleBoolean": false
      },
      {
        "extension": [
          {
            "url": "http://hl7.org/fhir/tools/StructureDefinition/resource-information",
            "valueString": "CodeSystem"
          }
        ],
        "reference": {
          "reference": "CodeSystem/CSCodRegionCL"
        },
        "name": "Códigos de Regiones en ChileEstos aún deben ser llevados a un ValueSet",
        "description": "Códigos de Regiones para Chile según Códigos Únicos Territoriales Actualizados, por Decreto exento No 817 del Ministerio del Interior",
        "exampleBoolean": false
      },
      {
        "extension": [
          {
            "url": "http://hl7.org/fhir/tools/StructureDefinition/resource-information",
            "valueString": "CodeSystem"
          }
        ],
        "reference": {
          "reference": "CodeSystem/CSCodSSalud"
        },
        "name": "Códigos del Sistema Nacional de Servicios de Salud",
        "description": "Códigos del Sistema Nacional de Servicios de Salud",
        "exampleBoolean": false
      },
      {
        "extension": [
          {
            "url": "http://hl7.org/fhir/tools/StructureDefinition/resource-information",
            "valueString": "CodeSystem"
          }
        ],
        "reference": {
          "reference": "CodeSystem/CSCodigoServicio"
        },
        "name": "Códigos de Servicios para encuentros remotos",
        "description": "Códigos para los Servicios realizados en un encuentro remoto según indicaciones del Ministerio de Salud",
        "exampleBoolean": false
      },
      {
        "extension": [
          {
            "url": "http://hl7.org/fhir/tools/StructureDefinition/resource-information",
            "valueString": "CodeSystem"
          }
        ],
        "reference": {
          "reference": "CodeSystem/CSCodigoDNI"
        },
        "name": "Códigos de Documentos DNI para LATAM y el Caribe",
        "description": "Códigos para los DNI de países de America Latina y el Caribe según indicaciones de VS HL7 de V3",
        "exampleBoolean": false
      },
      {
        "extension": [
          {
            "url": "http://hl7.org/fhir/tools/StructureDefinition/resource-information",
            "valueString": "CodeSystem"
          }
        ],
        "reference": {
          "reference": "CodeSystem/CSEspecialidadesDeisCL"
        },
        "name": "Códigos de Especialidades",
        "description": "Códigos de especialidades médicas descritas según DEIS",
        "exampleBoolean": false
      },
      {
        "extension": [
          {
            "url": "http://hl7.org/fhir/tools/StructureDefinition/resource-information",
            "valueString": "CodeSystem"
          }
        ],
        "reference": {
          "reference": "CodeSystem/CSNombreCampana"
        },
        "name": "Nombre de Campañas de Inmunización de RNI",
        "description": "Códigos de las campañas de vacunas o inmunizaciones según indicaciones del Ministerio de Salud",
        "exampleBoolean": false
      },
      {
        "extension": [
          {
            "url": "http://hl7.org/fhir/tools/StructureDefinition/resource-information",
            "valueString": "CodeSystem"
          }
        ],
        "reference": {
          "reference": "CodeSystem/CSRazonNOT"
        },
        "name": "Códigos de razones por la cuales el encuentro remoto no se pudo llevar a cabo",
        "description": "Códigos de las razones por la cual un encuentro remoto no pudo realizarse según indicaciones del Ministerio de Salud",
        "exampleBoolean": false
      },
      {
        "extension": [
          {
            "url": "http://hl7.org/fhir/tools/StructureDefinition/resource-information",
            "valueString": "CodeSystem"
          }
        ],
        "reference": {
          "reference": "CodeSystem/CSRazonNOTinm"
        },
        "name": "Códigos de razones por las cuales el registro de inmunización no se pudo llevar a cabo",
        "description": "Códigos de las razones por la cual el registro de inmunización no pudo realizarse según indicaciones del Ministerio de Salud",
        "exampleBoolean": false
      },
      {
        "extension": [
          {
            "url": "http://hl7.org/fhir/tools/StructureDefinition/resource-information",
            "valueString": "CodeSystem"
          }
        ],
        "reference": {
          "reference": "CodeSystem/CSTiposEncuentro"
        },
        "name": "Códigos de Tipos de Encuentro",
        "description": "Códigos de Encuentros según Minsal",
        "exampleBoolean": false
      },
      {
        "extension": [
          {
            "url": "http://hl7.org/fhir/tools/StructureDefinition/resource-information",
            "valueString": "CodeSystem"
          }
        ],
        "reference": {
          "reference": "CodeSystem/CSCodigoVacunas"
        },
        "name": "Códigos de Vacunas RNI",
        "description": "Códigos de las vacunas o inmunizaciones según indicaciones del Ministerio de Salud",
        "exampleBoolean": false
      },
      {
        "extension": [
          {
            "url": "http://hl7.org/fhir/tools/StructureDefinition/resource-information",
            "valueString": "Practitioner"
          }
        ],
        "reference": {
          "reference": "Practitioner/3240"
        },
        "name": "Ejemplo de Recurso Prestador como base para un Core Nacional",
        "description": "Ejemplo de un Prestador no Real con identificadores en Systemas con API\"s no disponibles",
        "exampleCanonical": "https://hl7chile.cl/fhir/ig/CoreCL/StructureDefinition/CorePrestadorCl"
      },
      {
        "extension": [
          {
            "url": "http://hl7.org/fhir/tools/StructureDefinition/resource-information",
            "valueString": "AuditEvent"
          }
        ],
        "reference": {
          "reference": "AuditEvent/AuditEventEx"
        },
        "name": "Ejemplo de un Audit-Event Search.",
        "description": "Log de Audición de una operacion Search.",
        "exampleCanonical": "https://hl7chile.cl/fhir/ig/CoreCL/StructureDefinition/AuditEventCl"
      },
      {
        "extension": [
          {
            "url": "http://hl7.org/fhir/tools/StructureDefinition/resource-information",
            "valueString": "Bundle"
          }
        ],
        "reference": {
          "reference": "Bundle/BundleEx"
        },
        "name": "Ejemplo Simple de Bundle de Transacción",
        "description": "Bundle de Transacción con un recurso Practitioner y un Recurso Organization",
        "exampleCanonical": "https://hl7chile.cl/fhir/ig/CoreCL/StructureDefinition/BundleCl"
      },
      {
        "extension": [
          {
            "url": "http://hl7.org/fhir/tools/StructureDefinition/resource-information",
            "valueString": "Provenance"
          }
        ],
        "reference": {
          "reference": "Provenance/EjemplValidacionProvCl"
        },
        "name": "Ejemplo de la Validación de una Receta por medio del Prescriptor",
        "description": "Ejemplo de una Receta en Request Group que contiene una receta, en la cual el prestador que la ha desarollado genera una validación por medio de una firma",
        "exampleCanonical": "https://hl7chile.cl/fhir/ig/CoreCL/StructureDefinition/ProvenanceCl"
      },
      {
        "extension": [
          {
            "url": "http://hl7.org/fhir/tools/StructureDefinition/resource-information",
            "valueString": "PractitionerRole"
          }
        ],
        "reference": {
          "reference": "PractitionerRole/EspecialidadCL"
        },
        "name": "Ejemplo de Recurso de especialidad",
        "description": "Define el Rol de un Médico durante la Operación de un paciente en Urgencia",
        "exampleCanonical": "https://hl7chile.cl/fhir/ig/CoreCL/StructureDefinition/CoreEspecialidadCl"
      },
      {
        "extension": [
          {
            "url": "http://hl7.org/fhir/tools/StructureDefinition/resource-information",
            "valueString": "Location"
          }
        ],
        "reference": {
          "reference": "Location/LocalizacionEjemploCL1"
        },
        "name": "Ejemplo Localización Farmacia",
        "description": "Ejemplo de la localización relacionada con una Farmacia específica ubicada en la comuna de Viña del Mar",
        "exampleCanonical": "https://hl7chile.cl/fhir/ig/CoreCL/StructureDefinition/CoreLocalizacionCl"
      },
      {
        "extension": [
          {
            "url": "http://hl7.org/fhir/tools/StructureDefinition/resource-information",
            "valueString": "Medication"
          }
        ],
        "reference": {
          "reference": "Medication/MedicamentoCl"
        },
        "name": "Ejemplo de comprimido Tareg - D 160",
        "description": "Medicamento comprimido Tareg -D160 referemciado como medicamento en la TFC, considerando el de 25 comprimidos",
        "exampleCanonical": "https://hl7chile.cl/fhir/ig/CoreCL/StructureDefinition/CoreMedicamentoCl"
      },
      {
        "extension": [
          {
            "url": "http://hl7.org/fhir/tools/StructureDefinition/resource-information",
            "valueString": "Medication"
          }
        ],
        "reference": {
          "reference": "Medication/MedicamentoCl-2"
        },
        "name": "Hidroclorotiazida 25 mg + Valsartán 160 mg comprimido",
        "description": "Definición de Hidroclorotiazida 25 mg + Valsartán 160 mg comprimido Código de descripción = 1703591000167111 y de Cocepto = 696681000167108 según TFC",
        "exampleCanonical": "https://hl7chile.cl/fhir/ig/CoreCL/StructureDefinition/CoreMedicamentoCl"
      },
      {
        "extension": [
          {
            "url": "http://hl7.org/fhir/tools/StructureDefinition/resource-information",
            "valueString": "Organization"
          }
        ],
        "reference": {
          "reference": "Organization/ORG1"
        },
        "name": "Ejemplo Organización Prestadora de Salud",
        "description": "CESFAM Rio Bueno (Ficticio) con ID DEIS no real",
        "exampleCanonical": "https://hl7chile.cl/fhir/ig/CoreCL/StructureDefinition/CoreOrganizacionCl"
      },
      {
        "extension": [
          {
            "url": "http://hl7.org/fhir/tools/StructureDefinition/resource-information",
            "valueString": "Patient"
          }
        ],
        "reference": {
          "reference": "Patient/PacienteCL"
        },
        "name": "Ejemplo de Recurso Paciente Nacional",
        "description": "Paciente ficticio nacional CI Chilena, sin sistema de validación \"http://regcivil.cl/Validacion/RUN\" ficticio , cuyo nombre se decribe mediante el oficial y uno social. La dirección tampoco es Real",
        "exampleCanonical": "https://hl7chile.cl/fhir/ig/CoreCL/StructureDefinition/CorePacienteCl"
      },
      {
        "extension": [
          {
            "url": "http://hl7.org/fhir/tools/StructureDefinition/resource-information",
            "valueString": "Patient"
          }
        ],
        "reference": {
          "reference": "Patient/PacienteCL2"
        },
        "name": "Ejemplo de Recurso Paciente Extranjero",
        "description": "Paciente ficticio extrangero, con identificación Pasaporte de origen Salvadoreño sin sistema real de validación del número de Pasaporte.",
        "exampleCanonical": "https://hl7chile.cl/fhir/ig/CoreCL/StructureDefinition/CorePacienteCl"
      },
      {
        "extension": [
          {
            "url": "http://hl7.org/fhir/tools/StructureDefinition/resource-information",
            "valueString": "Patient"
          }
        ],
        "reference": {
          "reference": "Patient/PacienteCl-3"
        },
        "name": "Paciente Nacional, con datos actualizados, declarando nacionalidad",
        "description": "Paciente ficticio nacional CI Chilena con sistema de validación no real, cuyo nombre es solo el oficial. La dirección tampoco es Real",
        "exampleCanonical": "https://hl7chile.cl/fhir/ig/CoreCL/StructureDefinition/CorePacienteCl"
      },
      {
        "extension": [
          {
            "url": "http://hl7.org/fhir/tools/StructureDefinition/resource-information",
            "valueString": "Patient"
          }
        ],
        "reference": {
          "reference": "Patient/PacienteCl-4"
        },
        "name": "Ejemplo de Recurso de paciente Nacional con contacto declarado",
        "description": "Paciente ficticio nacional CI Chilena, \n     * sin sistema de validación \\\"http://regcivil.cl/Validacion/RUN\\\" ficticio , \n     * cuyo nombre se decribe mediante el oficial y uno social. \n     * La dirección tampoco es Real.\n     * Se agrega al paciente un acompañante patiente.",
        "exampleCanonical": "https://hl7chile.cl/fhir/ig/CoreCL/StructureDefinition/CorePacienteCl"
      },
      {
        "extension": [
          {
            "url": "http://hl7.org/fhir/tools/StructureDefinition/resource-information",
            "valueString": "Patient"
          }
        ],
        "reference": {
          "reference": "Patient/PacienteCl-5"
        },
        "name": "Ejemplo de Recurso de paciente Nacional con contacto declarado y extensión en dirección",
        "description": "Paciente ficticio nacional CI Chilena, \n     * sin sistema de validación \\\"http://regcivil.cl/Validacion/RUN\\\" ficticio , \n     * cuyo nombre se decribe mediante el oficial y uno social. \n     * La dirección tampoco es Real.\n     * Se agrega al paciente un acompañante patiente\n     * La dirección se declara con códigos por extensión.",
        "exampleCanonical": "https://hl7chile.cl/fhir/ig/CoreCL/StructureDefinition/CorePacienteCl"
      },
      {
        "extension": [
          {
            "url": "http://hl7.org/fhir/tools/StructureDefinition/resource-information",
            "valueString": "RequestGroup"
          }
        ],
        "reference": {
          "reference": "RequestGroup/RG12224"
        },
        "name": "example",
        "description": "Solo un ejemplo",
        "exampleBoolean": true
      }
    ],
    "page": {
      "nameUrl": "toc.html",
      "title": "Table of Contents",
      "generation": "html",
      "page": [
        {
          "nameUrl": "index.html",
          "title": "Inicio",
          "generation": "markdown"
        },
        {
          "nameUrl": "Alcances-Objetivos.html",
          "title": "Objetivos",
          "generation": "markdown"
        },
        {
          "nameUrl": "Aspectos-Generales.html",
          "title": "Generalidades",
          "generation": "markdown"
        },
        {
          "nameUrl": "Consolidado-Operaciones.html",
          "title": "Operaciones Básicas",
          "generation": "markdown"
        },
        {
          "nameUrl": "Extensiones.html",
          "title": "Extensiones",
          "generation": "markdown"
        },
        {
          "nameUrl": "Set-De-Validacion-ValueSets.html",
          "title": "CodeSystems/ValueSets",
          "generation": "markdown"
        },
        {
          "nameUrl": "Perfiles.html",
          "title": "Perfiles",
          "generation": "markdown"
        },
        {
          "nameUrl": "Set-Ejemplos.html",
          "title": "Ejemplos",
          "generation": "markdown"
        },
        {
          "nameUrl": "Todas-Descargas.html",
          "title": "Descargas",
          "generation": "markdown"
        }
      ]
    },
    "parameter": [
      {
        "code": "path-resource",
        "value": "input/capabilities"
      },
      {
        "code": "path-resource",
        "value": "input/examples"
      },
      {
        "code": "path-resource",
        "value": "input/extensions"
      },
      {
        "code": "path-resource",
        "value": "input/models"
      },
      {
        "code": "path-resource",
        "value": "input/operations"
      },
      {
        "code": "path-resource",
        "value": "input/profiles"
      },
      {
        "code": "path-resource",
        "value": "input/resources"
      },
      {
        "code": "path-resource",
        "value": "input/vocabulary"
      },
      {
        "code": "path-resource",
        "value": "input/maps"
      },
      {
        "code": "path-resource",
        "value": "input/testing"
      },
      {
        "code": "path-resource",
        "value": "input/history"
      },
      {
        "code": "path-resource",
        "value": "fsh-generated/resources"
      },
      {
        "code": "path-pages",
        "value": "template/config"
      },
      {
        "code": "path-pages",
        "value": "input/images"
      },
      {
        "code": "path-tx-cache",
        "value": "input-cache/txcache"
      }
    ]
  }
}