<?xml version="1.0" encoding="UTF-8"?>

<Patient xmlns="http://hl7.org/fhir">
  <id value="PacienteCL"/>
  <meta>
    <profile value="https://hl7chile.cl/fhir/ig/CoreCL/StructureDefinition/CorePacienteCl"/>
  </meta>
  <text>
    <status value="generated"/><div xmlns="http://www.w3.org/1999/xhtml"><p><b>Xime </b> female, DoB: 1983-03-24 ( Chile: 15.236.327-k (OFFICIAL))</p></div>
  </text>
  <identifier>
    <use value="official"/>
    <type>
      <extension url="https://hl7chile.cl/fhir/ig/CoreCL/StructureDefinition/CodigoPaises">
        <valueCodeableConcept>
          <coding>
            <system value="urn:iso:std:iso:3166"/>
            <code value="152"/>
            <display value="Chile"/>
          </coding>
        </valueCodeableConcept>
      </extension>
      <coding>
        <system value="https://hl7chile.cl/fhir/ig/CoreCL/CodeSystem/CSCodigoDNI"/>
        <code value="NNCHL"/>
        <display value="Chile"/>
      </coding>
    </type>
    <system value="http://regcivil.cl/Validacion/RUN"/>
    <value value="15.236.327-k"/>
  </identifier>
  <active value="true"/>
  <name>
    <use value="official"/>
    <family value="Rosales">
      <extension url="http://hl7.org/fhir/StructureDefinition/humanname-mothers-family">
        <valueString value="Bosh"/>
      </extension>
    </family>
    <given value="Marietta"/>
    <given value="María"/>
    <given value="Ximena"/>
  </name>
  <name>
    <use value="usual"/>
    <given value="Xime"/>
  </name>
  <telecom>
    <system value="phone"/>
    <value value="943561833"/>
    <use value="mobile"/>
  </telecom>
  <telecom>
    <system value="email"/>
    <value value="mariRosal@mimail.com"/>
    <use value="work"/>
  </telecom>
  <gender value="female"/>
  <birthDate value="1983-03-24"/>
  <address>
    <use value="home"/>
    <line value="Av Los Chirimoyos, 32, casa 4"/>
    <city value="05101"/>
    <district value="051"/>
    <state value="05"/>
    <country value="152"/>
  </address>
</Patient>