{
  "resourceType": "Patient",
  "id": "PacienteCL2",
  "meta": {
    "profile": [
      "https://hl7chile.cl/fhir/ig/CoreCL/StructureDefinition/CorePacienteCl"
    ]
  },
  "text": {
    "status": "generated",
    "div": "<div xmlns=\"http://www.w3.org/1999/xhtml\"><p><b>Wilmer Andres de Dios Cabrales (OFFICIAL)</b> male, DoB: 1968-11-03 ( Passport number: P3334521.2 (OFFICIAL))</p></div>"
  },
  "extension": [
    {
      "url": "https://hl7chile.cl/fhir/ig/CoreCL/StructureDefinition/CodigoPaises",
      "valueCodeableConcept": {
        "coding": [
          {
            "system": "urn:iso:std:iso:3166",
            "code": "222",
            "display": "El Salvador"
          }
        ]
      }
    }
  ],
  "identifier": [
    {
      "use": "official",
      "type": {
        "extension": [
          {
            "url": "https://hl7chile.cl/fhir/ig/CoreCL/StructureDefinition/CodigoPaises",
            "valueCodeableConcept": {
              "coding": [
                {
                  "system": "urn:iso:std:iso:3166",
                  "code": "222",
                  "display": "El Salvador"
                }
              ]
            }
          }
        ],
        "coding": [
          {
            "system": "http://terminology.hl7.org/CodeSystem/v2-0203",
            "code": "PPN",
            "display": "Passport number"
          }
        ]
      },
      "system": "http://Pasaportes.cl/Validacion/Pass",
      "value": "P3334521.2"
    }
  ],
  "active": true,
  "name": [
    {
      "use": "official",
      "family": "Cabrales",
      "_family": {
        "extension": [
          {
            "url": "http://hl7.org/fhir/StructureDefinition/humanname-mothers-family",
            "valueString": "Rivas"
          }
        ]
      },
      "given": [
        "Wilmer",
        "Andres",
        "de Dios"
      ]
    }
  ],
  "telecom": [
    {
      "system": "email",
      "value": "wilCAB12l@wilmermail.com",
      "use": "home"
    }
  ],
  "gender": "male",
  "birthDate": "1968-11-03",
  "address": [
    {
      "use": "temp",
      "line": [
        "Calle 4 Norte, 52, pieza 802"
      ],
      "city": "15101",
      "district": "151",
      "state": "15",
      "country": "152"
    }
  ]
}