{
  "resourceType": "Bundle",
  "id": "BundleEx",
  "meta": {
    "profile": [
      "https://hl7chile.cl/fhir/ig/corecl/StructureDefinition/BundleCl"
    ]
  },
  "identifier": {
    "system": "http://sistema.cl/Transacciones/",
    "value": "Bundle-001"
  },
  "type": "transaction",
  "timestamp": "2020-09-25T00:00:00-03:00",
  "entry": [
    {
      "fullUrl": "Organization/ORG1",
      "request": {
        "method": "POST",
        "url": "Organization"
      }
    },
    {
      "fullUrl": "Practitioner/3020",
      "request": {
        "method": "POST",
        "url": "Practitioner"
      }
    }
  ]
}