{
  "resourceType": "Medication",
  "id": "MedicamentoCl-2",
  "meta": {
    "profile": [
      "https://hl7chile.cl/fhir/ig/corecl/StructureDefinition/CoreMedicamentoCl"
    ]
  },
  "text": {
    "status": "generated",
    "div": "<div xmlns=\"http://www.w3.org/1999/xhtml\"><p><b>Generated Narrative: Medication</b><a name=\"MedicamentoCl-2\"> </a></p><div style=\"display: inline-block; background-color: #d9e0e7; padding: 6px; margin: 4px; border: 1px solid #8da1b4; border-radius: 5px; line-height: 60%\"><p style=\"margin-bottom: 0px\">Resource Medication \"MedicamentoCl-2\" </p><p style=\"margin-bottom: 0px\">Profile: <a href=\"StructureDefinition-CoreMedicamentoCl.html\">CL Medicamento</a></p></div><p><b>identifier</b>: id: 1703591000167111(use: OFFICIAL), id: 696681000167108(use: OFFICIAL)</p><p><b>code</b>: Hidroclorotiazida 25 mg + Valsartán 160 mg comprimido <span style=\"background: LightGoldenRodYellow; margin: 4px; border: 1px solid khaki\"> (description-id#1703591000167111)</span></p></div>"
  },
  "identifier": [
    {
      "use": "official",
      "system": "http://minsal.cl/semantikos/description-id",
      "value": "1703591000167111"
    },
    {
      "use": "official",
      "system": "http://minsal.cl/semantikos/concept-id",
      "value": "696681000167108"
    }
  ],
  "code": {
    "coding": [
      {
        "system": "http://minsal.cl/semantikos/description-id",
        "code": "1703591000167111",
        "display": "Hidroclorotiazida 25 mg + Valsartán 160 mg comprimido"
      }
    ],
    "text": "Hidroclorotiazida 25 mg + Valsartán 160 mg comprimido"
  }
}