{
  "resourceType": "Observation",
  "id": "123",
  "text": {
    "status": "generated",
    "div": "<div xmlns=\"http://www.w3.org/1999/xhtml\"><p><b>Generated Narrative: Observation</b><a name=\"123\"> </a></p><div style=\"display: inline-block; background-color: #d9e0e7; padding: 6px; margin: 4px; border: 1px solid #8da1b4; border-radius: 5px; line-height: 60%\"><p style=\"margin-bottom: 0px\">Resource Observation \"123\" </p></div><p><b>status</b>: final</p><p><b>code</b>: null <span style=\"background: LightGoldenRodYellow; margin: 4px; border: 1px solid khaki\"> (loinc.org#10244-2)</span></p></div>"
  },
  "status": "final",
  "code": {
    "coding": [
      {
        "system": "http://loinc.org#10244-2"
      }
    ]
  }
}