{
  "resourceType": "Patient",
  "id": "PacienteCL",
  "meta": {
    "profile": [
      "https://hl7chile.cl/fhir/ig/corecl/StructureDefinition/CorePacienteCl"
    ]
  },
  "text": {
    "status": "generated",
    "div": "<div xmlns=\"http://www.w3.org/1999/xhtml\"><p style=\"border: 1px #661aff solid; background-color: #e6e6ff; padding: 10px;\"><b>Xime </b> female, DoB: 1983-03-24 ( Chile: 15.236.327-k(use: OFFICIAL))</p><hr/><table class=\"grid\"><tr><td style=\"background-color: #f3f5da\" title=\"Record is active\">Active:</td><td colspan=\"3\">true</td></tr><tr><td style=\"background-color: #f3f5da\" title=\"Alternate names (see the one above)\">Alt. Name:</td><td colspan=\"3\">Marietta María Ximena Rosales (OFFICIAL)</td></tr><tr><td style=\"background-color: #f3f5da\" title=\"Ways to contact the Patient\">Contact Details:</td><td colspan=\"3\"><ul><li>ph: 943561833(MOBILE)</li><li><a href=\"mailto:mariRosal@mimail.com\">mariRosal@mimail.com</a></li><li>Av Los Chirimoyos, 32, casa 4 null null null (HOME)</li></ul></td></tr><tr><td style=\"background-color: #f3f5da\" title=\"Languages spoken\">Language:</td><td colspan=\"3\"><span title=\"Codes: {https://hl7chile.cl/fhir/ig/corecl/CodeSystem/CSCodigoslenguaje es-CL}\">Spanish</span></td></tr><tr><td style=\"background-color: #f3f5da\" title=\"Nominated Contact: Next-of-Kin\">Next-of-Kin:</td><td colspan=\"3\"><ul><li>Juana Josefa Calleja (OFFICIAL)</li></ul></td></tr><tr><td style=\"background-color: #f3f5da\" title=\"Patient Links\">Links:</td><td colspan=\"3\"><ul><li>General Practitioner: <a href=\"Organization-ORG1.html\">Organization/ORG1: Hospital de la Vida</a> \"Centro de Salud Familiar Rio Bueno de Linares\"</li></ul></td></tr></table></div>"
  },
  "identifier": [
    {
      "use": "official",
      "type": {
        "extension": [
          {
            "url": "https://hl7chile.cl/fhir/ig/corecl/StructureDefinition/CodigoPaises",
            "valueCodeableConcept": {
              "coding": [
                {
                  "system": "urn:iso:std:iso:3166",
                  "code": "152",
                  "display": "Chile"
                }
              ]
            }
          }
        ],
        "coding": [
          {
            "system": "https://hl7chile.cl/fhir/ig/corecl/CodeSystem/CSCodigoDNI",
            "code": "NNCHL",
            "display": "Chile"
          }
        ]
      },
      "system": "http://regcivil.cl/Validacion/RUN",
      "value": "15.236.327-k"
    }
  ],
  "active": true,
  "name": [
    {
      "use": "official",
      "family": "Rosales",
      "_family": {
        "extension": [
          {
            "url": "http://hl7.org/fhir/StructureDefinition/humanname-mothers-family",
            "valueString": "Bosh"
          }
        ]
      },
      "given": [
        "Marietta",
        "María",
        "Ximena"
      ]
    },
    {
      "use": "usual",
      "given": [
        "Xime"
      ]
    }
  ],
  "telecom": [
    {
      "system": "phone",
      "value": "943561833",
      "use": "mobile"
    },
    {
      "system": "email",
      "value": "mariRosal@mimail.com",
      "use": "work"
    }
  ],
  "gender": "female",
  "birthDate": "1983-03-24",
  "address": [
    {
      "use": "home",
      "line": [
        "Av Los Chirimoyos, 32, casa 4"
      ],
      "_city": {
        "extension": [
          {
            "url": "https://hl7chile.cl/fhir/ig/corecl/StructureDefinition/ComunasCl",
            "valueCodeableConcept": {
              "coding": [
                {
                  "system": "https://hl7chile.cl/fhir/ig/corecl/CodeSystem/CSCodComunasCL",
                  "code": "05602",
                  "display": "Algarrobo"
                }
              ]
            }
          }
        ]
      },
      "_district": {
        "extension": [
          {
            "url": "https://hl7chile.cl/fhir/ig/corecl/StructureDefinition/ProvinciasCl",
            "valueCodeableConcept": {
              "coding": [
                {
                  "system": "https://hl7chile.cl/fhir/ig/corecl/CodeSystem/CSCodProvinciasCL",
                  "code": "056",
                  "display": "San Antonio"
                }
              ]
            }
          }
        ]
      },
      "_state": {
        "extension": [
          {
            "url": "https://hl7chile.cl/fhir/ig/corecl/StructureDefinition/RegionesCl",
            "valueCodeableConcept": {
              "coding": [
                {
                  "system": "https://hl7chile.cl/fhir/ig/corecl/CodeSystem/CSCodRegionCL",
                  "code": "05",
                  "display": "Valparaíso"
                }
              ]
            }
          }
        ]
      },
      "_country": {
        "extension": [
          {
            "url": "https://hl7chile.cl/fhir/ig/corecl/StructureDefinition/CodigoPaises",
            "valueCodeableConcept": {
              "coding": [
                {
                  "system": "urn:iso:std:iso:3166",
                  "code": "CL",
                  "display": "Chile"
                }
              ]
            }
          }
        ]
      }
    }
  ],
  "contact": [
    {
      "extension": [
        {
          "extension": [
            {
              "url": "tutId",
              "valueIdentifier": {
                "type": {
                  "coding": [
                    {
                      "system": "https://hl7chile.cl/fhir/ig/corecl/CodeSystem/CSCodigoDNI",
                      "code": "NNCHL",
                      "display": "Chile"
                    }
                  ]
                },
                "system": "http://regcivil.cl/Validacion/RUN",
                "value": "8987321-7"
              }
            },
            {
              "url": "docProc",
              "valueCodeableConcept": {
                "coding": [
                  {
                    "system": "urn:iso:std:iso:3166",
                    "code": "152",
                    "display": "Chile"
                  }
                ]
              }
            }
          ],
          "url": "https://hl7chile.cl/fhir/ig/corecl/StructureDefinition/IdContacto"
        }
      ],
      "relationship": [
        {
          "coding": [
            {
              "system": "http://terminology.hl7.org/CodeSystem/v2-0131",
              "code": "N",
              "display": "Next-of-Kin"
            }
          ]
        }
      ],
      "name": {
        "use": "official",
        "family": "Calleja",
        "_family": {
          "extension": [
            {
              "url": "http://hl7.org/fhir/StructureDefinition/humanname-mothers-family",
              "valueString": "Morales"
            }
          ]
        },
        "given": [
          "Juana",
          "Josefa"
        ]
      }
    }
  ],
  "communication": [
    {
      "language": {
        "coding": [
          {
            "system": "https://hl7chile.cl/fhir/ig/corecl/CodeSystem/CSCodigoslenguaje",
            "code": "es-CL",
            "display": "Spanish"
          }
        ]
      }
    }
  ],
  "generalPractitioner": [
    {
      "reference": "Organization/ORG1",
      "display": "Hospital de la Vida"
    }
  ]
}