{
  "resourceType": "ValueSet",
  "id": "VSContactosec",
  "text": {
    "status": "generated",
    "div": "<div xmlns=\"http://www.w3.org/1999/xhtml\"><ul><li>Include all codes defined in <a href=\"http://hl7.org/fhir/R4/codesystem-contact-point-system.html\"><code>http://hl7.org/fhir/contact-point-system</code></a></li></ul></div>"
  },
  "url": "https://hl7chile.cl/fhir/ig/corecl/ValueSet/VSContactosec",
  "version": "1.7.0",
  "name": "VSContactoSecundario",
  "title": "Contacto participantes",
  "status": "active",
  "date": "2022-05-25T00:00:00-03:00",
  "publisher": "HL7 Chile",
  "contact": [
    {
      "name": "HL7 Chile",
      "telecom": [
        {
          "system": "url",
          "value": "http://hl7chile.cl"
        },
        {
          "system": "email",
          "value": "chair@hl7chile.cl"
        }
      ]
    }
  ],
  "description": "Contacto telefónico o correo de los participantes",
  "jurisdiction": [
    {
      "coding": [
        {
          "system": "urn:iso:std:iso:3166",
          "code": "CL",
          "display": "Chile"
        }
      ]
    }
  ],
  "copyright": "Usado con el permiso de HL7 International, todos los derechos resevados en los Licencias de HL7 Internacional.",
  "compose": {
    "include": [
      {
        "system": "http://hl7.org/fhir/contact-point-system"
      }
    ]
  }
}