{"resourceType":"ValueSet","id":"VSCodigosComunaCL","text":{"status":"generated","div":"<div xmlns=\"http://www.w3.org/1999/xhtml\"><ul><li>Include all codes defined in <a href=\"CodeSystem-CSCodComunasCL.html\"><code>https://hl7chile.cl/fhir/ig/corecl/CodeSystem/CSCodComunasCL</code></a></li></ul></div>"},"url":"https://hl7chile.cl/fhir/ig/corecl/ValueSet/VSCodigosComunaCL","version":"1.7.0","name":"VSCodigosComunaCL","title":"Códigos de Comunas en Chile","status":"active","date":"2022-01-18T00:00:00-03:00","publisher":"HL7 Chile","contact":[{"name":"HL7 Chile","telecom":[{"system":"url","value":"http://hl7chile.cl"},{"system":"email","value":"chair@hl7chile.cl"}]}],"description":"Códigos de Comunas para Chile según Códigos Únicos Territoriales Actualizados, por Decreto exento No 817 del Ministerio del Interior","jurisdiction":[{"coding":[{"system":"urn:iso:std:iso:3166","code":"CL","display":"Chile"}]}],"copyright":"Usado con el permiso de HL7 International, todos los derechos resevados en los Licencias de HL7 Internacional.","compose":{"include":[{"system":"https://hl7chile.cl/fhir/ig/corecl/CodeSystem/CSCodComunasCL"}]}}