{"resourceType":"ValueSet","id":"VSRazonNOT","text":{"status":"generated","div":"<div xmlns=\"http://www.w3.org/1999/xhtml\"><ul><li>Include all codes defined in <a href=\"CodeSystem-csrazonnoencuentro.html\"><code>https://hl7chile.cl/fhir/ig/corecl/CodeSystem/csrazonnoencuentro</code></a></li></ul></div>"},"url":"https://hl7chile.cl/fhir/ig/corecl/ValueSet/VSRazonNOT","version":"1.7.0","name":"VSRazonNOencuentro","title":"Razones no Atención Remota","status":"active","date":"2022-05-22T00:00:00-03:00","publisher":"HL7 Chile","contact":[{"name":"HL7 Chile","telecom":[{"system":"url","value":"http://hl7chile.cl"},{"system":"email","value":"chair@hl7chile.cl"}]}],"description":"Razones por la que no se lleva a cabo un encuentro remoto según CodeSystem local","jurisdiction":[{"coding":[{"system":"urn:iso:std:iso:3166","code":"CL","display":"Chile"}]}],"copyright":"Usado con el permiso de HL7 International, todos los derechos resevados en los Licencias de HL7 Internacional.","compose":{"include":[{"system":"https://hl7chile.cl/fhir/ig/corecl/CodeSystem/csrazonnoencuentro"}]}}