{
  "resourceType": "Patient",
  "id": "PacienteCL",
  "meta": {
    "profile": [
      "https://hl7chile.cl/fhir/ig/CoreCL/StructureDefinition/CorePacienteCl"
    ]
  },
  "text": {
    "status": "generated",
    "div": "<div xmlns=\"http://www.w3.org/1999/xhtml\"><p><b>Generated Narrative</b></p><div style=\"display: inline-block; background-color: #d9e0e7; padding: 6px; margin: 4px; border: 1px solid #8da1b4; border-radius: 5px; line-height: 60%\"><p style=\"margin-bottom: 0px\">Resource \"PacienteCL\" </p><p style=\"margin-bottom: 0px\">Profile: <a href=\"StructureDefinition-CorePacienteCl.html\">Perfil Paciente Para Core Nacional</a></p></div><p><b>identifier</b>: Chile: 15.236.327-k (OFFICIAL)</p><p><b>active</b>: true</p><p><b>name</b>: Marietta María Ximena Rosales (OFFICIAL), Xime </p><p><b>telecom</b>: ph: 943561833(MOBILE), <a href=\"mailto:mariRosal@mimail.com\">mariRosal@mimail.com</a></p><p><b>gender</b>: female</p><p><b>birthDate</b>: 1983-03-24</p><p><b>address</b>: Av Los Chirimoyos, 32, casa 4 05101 05 152 (HOME)</p></div>"
  },
  "identifier": [
    {
      "use": "official",
      "type": {
        "extension": [
          {
            "url": "https://hl7chile.cl/fhir/ig/CoreCL/StructureDefinition/CodigoPaises",
            "valueCodeableConcept": {
              "coding": [
                {
                  "system": "urn:iso:std:iso:3166",
                  "code": "152",
                  "display": "Chile"
                }
              ]
            }
          }
        ],
        "coding": [
          {
            "system": "https://hl7chile.cl/fhir/ig/CoreCL/CodeSystem/CSCodigoDNI",
            "code": "NNCHL",
            "display": "Chile"
          }
        ]
      },
      "system": "http://regcivil.cl/Validacion/RUN",
      "value": "15.236.327-k"
    }
  ],
  "active": true,
  "name": [
    {
      "use": "official",
      "family": "Rosales",
      "_family": {
        "extension": [
          {
            "url": "http://hl7.org/fhir/StructureDefinition/humanname-mothers-family",
            "valueString": "Bosh"
          }
        ]
      },
      "given": [
        "Marietta",
        "María",
        "Ximena"
      ]
    },
    {
      "use": "usual",
      "given": [
        "Xime"
      ]
    }
  ],
  "telecom": [
    {
      "system": "phone",
      "value": "943561833",
      "use": "mobile"
    },
    {
      "system": "email",
      "value": "mariRosal@mimail.com",
      "use": "work"
    }
  ],
  "gender": "female",
  "birthDate": "1983-03-24",
  "address": [
    {
      "use": "home",
      "line": [
        "Av Los Chirimoyos, 32, casa 4"
      ],
      "city": "05101",
      "district": "051",
      "state": "05",
      "country": "152"
    }
  ]
}