<?xml version="1.0" encoding="UTF-8"?>

<PractitionerRole xmlns="http://hl7.org/fhir">
  <id value="EspecialidadCL"/>
  <meta>
    <profile value="https://hl7chile.cl/fhir/ig/CoreCL/StructureDefinition/CoreEspecialidadCl"/>
  </meta>
  <text>
    <status value="generated"/><div xmlns="http://www.w3.org/1999/xhtml"><p><b>Generated Narrative</b></p><div style="display: inline-block; background-color: #d9e0e7; padding: 6px; margin: 4px; border: 1px solid #8da1b4; border-radius: 5px; line-height: 60%"><p style="margin-bottom: 0px">Resource "EspecialidadCL" </p><p style="margin-bottom: 0px">Profile: <a href="StructureDefinition-CoreEspecialidadCl.html">Perfil utilizaco para asignar una o mas especialidades medicas a un prestador de salud.</a></p></div><p><b>active</b>: true</p><p><b>practitioner</b>: <a href="Practitioner-3240.html"></a></p><p><b style="color: maroon">Exception generating Narrative: null</b></p></div>
  </text>
  <active value="true"/>
  <practitioner>
    <reference value="Practitioner/3240"/>
    <display value="Johanna Rosa Silva Reyes"/>
  </practitioner>
  <specialty>
    <coding>
      <system value="https://hl7chile.cl/fhir/ig/CoreCL/CodeSystem/CSEspecialidadesDeisCL"/>
      <code value="06"/>
    </coding>
    <text value="Cirujano Cardiovascular"/>
  </specialty>
  <specialty>
    <coding>
      <system value="https://hl7chile.cl/fhir/ig/CoreCL/CodeSystem/CSEspecialidadesDeisCL"/>
      <code value="03"/>
    </coding>
    <text value="Médico Cardiólogo"/>
  </specialty>
  <specialty>
    <coding>
      <system value="https://hl7chile.cl/fhir/ig/CoreCL/CodeSystem/CSEspecialidadesDeisCL"/>
      <code value="30"/>
    </coding>
    <text value="Médico internista"/>
  </specialty>
</PractitionerRole>