{
  "comment" : "The order of the feeds does not matter, but the order of the package-restrictions does",
  "feeds": [
    {
      "name": "HL7.org FHIR Publications",
      "url": "http://hl7.org/fhir/package-feed.xml",
      "errors": "grahame|fhir_org"
    },
    {
      "name": "HL7.org Cross-Product Publications",
      "url": "http://hl7.org/xprod/ig/package-feed.xml",
      "errors": "grahame|fhir_org"
    },
    {
      "name": "Common HL7 Terminology",
      "url": "http://terminology.hl7.org/package-feed.xml",
      "errors": "utg|hl7_org"
    },
    {
      "name": "FHIR Foundation Guides",
      "url": "http://fhir.org/guides/package-feed.xml",
      "errors": "grahame|fhir_org"
    },
    {
      "name": "FHIR Foundation Support Packages",
      "url": "http://fhir.org/packages/package-feed.xml",
      "errors": "grahame|fhir_org"
    },
    {
      "name": "FHIR Foundation Publishing Templates",
      "url": "http://fhir.org/templates/package-feed.xml",
      "errors": "grahame|fhir_org"
    },
    {
      "name": "Simplifier",
      "url": "http://simplifier.net/package-feed.xml",
      "errors": "ward|fire_ly"
    },
    {
      "name": "HL7 Australia",
      "url": "http://hl7.org.au/fhir/package-feed.xml",
      "errors": "brett_esler|oridashi_com_au "
    },
    {
      "name": "HL7 Switzerland",
      "url": "http://fhir.ch/package-feed.xml",
      "errors": "oliver_egger|ahdis_ch"
    },
    {
        "name": "HL7 Denmark",
        "url": "https://hl7.dk/fhir/package-feed.xml",
        "errors": "jvi|trifork_com"
      },
    {
      "name": "mednet.swiss",
      "url": "https://mednet.swiss/fhir/package-feed.xml",
      "errors": "david_gutknecht|novcom_swiss"
    },
    {
      "name": "David Hay packages (Interim name)",
      "url": "http://igs.clinfhir.com/packages/package-feed.xml",
      "errors": "david_hay|clinfhir_com"
    },
    {
      "name": "IHE International",
      "url": "https://profiles.ihe.net/fhir/package-feed.xml",
      "errors": "secretary|ihe_net"
    },
    {
      "name": "HL7 Belgium/eHealth Platform",
      "url": "https://www.ehealth.fgov.be/standards/fhir/package-feed.xml",
      "errors": "message-structure|ehealth_fgov_be"
    },
    {
      "name": "HL7 Germany",
      "url": "https://github.com/hl7germany/hl7-de-package-feed/blob/main/package-feed.xml?raw=true",
      "errors": "cto|hl7_de"
    },
    {
      "name": "Taiwan FHIR Publications",
      "url": "https://twcore.mohw.gov.tw/ig/packages/package-feed.xml",
      "errors": "CCYU|mohw_gov_tw"
    }
  ],
  "package-restrictions": [
	{
      "mask": "hl7.fhir.be.*",
      "feeds": [ "https://www.ehealth.fgov.be/standards/fhir/package-feed.xml" ]
    },
    {
      "mask": "hl7.fhir.au.*",
      "feeds": [ "http://hl7.org.au/fhir/package-feed.xml" ]
    },
    {
      "mask": "hl7.fhir.nz.*",
      "feeds": [ "http://igs.clinfhir.com/packages/package-feed.xml" ]
    },
    {
        "mask": "hl7.fhir.dk.*",
        "feeds": [ "https://hl7.dk/fhir/package-feed.xml" ]
    },
    {
      "mask": "hl7.fhir.*",
      "feeds": [ "http://hl7.org/fhir/package-feed.xml", "http://fhir.org/packages/package-feed.xml", "http://fhir.org/guides/package-feed.xml", "http://fhir.org/templates/package-feed.xml",
	         "https://hl7.org/fhir/package-feed.xml", "https://fhir.org/packages/package-feed.xml", "https://fhir.org/guides/package-feed.xml", "https://fhir.org/templates/package-feed.xml"]
    },
    {
      "mask": "hl7.xprod.*",
      "feeds": [ "http://hl7.org/xprod/ig/package-feed.xml" ]
    },
    {
      "mask": "hl7.tx.*",
      "feeds": [ "http://terminology.hl7.org/package-feed.xml" ]
    },
    {
      "mask": "fhir.*",
      "feeds": [ "http://fhir.org/packages/package-feed.xml", "http://fhir.org/templates/package-feed.xml", "http://fhir.org/guides/package-feed.xml" ]
    },
    {
      "mask": "hl7.au.fhir.*",
      "feeds": [ "http://hl7.org.au/fhir/package-feed.xml", "http://fhir.org/templates/package-feed.xml"
      ]
    },
    {
      "mask": "ch.fhir.ig.*",
      "feeds": [ "http://fhir.ch/package-feed.xml" ]
    },
    {
      "mask": "ihe.*",
      "feeds": [ "http://profiles.ihe.net/fhir/package-feed.xml", "http://fhir.org/templates/package-feed.xml"  ]
    },
    {
      "mask": "twcore.mohw.gov.*",
      "feeds": [ "https://twcore.mohw.gov.tw/ig/packages/package-feed.xml"  ]
    }
  ]
}  
