<?xml version="1.0" encoding="UTF-8"?>

<CodeSystem xmlns="http://hl7.org/fhir">
  <id value="CSCodProvinciasCL"/>
  <text>
    <status value="generated"/><div xmlns="http://www.w3.org/1999/xhtml"><p>This code system <code>https://hl7chile.cl/fhir/ig/corecl/CodeSystem/CSCodProvinciasCL</code> defines the following codes:</p><table class="codes"><tr><td style="white-space:nowrap"><b>Code</b></td><td><b>Display</b></td></tr><tr><td style="white-space:nowrap">122<a name="CSCodProvinciasCL-122"> </a></td><td>Antártica Chilena</td></tr><tr><td style="white-space:nowrap">021<a name="CSCodProvinciasCL-021"> </a></td><td>Antofagasta</td></tr><tr><td style="white-space:nowrap">082<a name="CSCodProvinciasCL-082"> </a></td><td>Arauco</td></tr><tr><td style="white-space:nowrap">151<a name="CSCodProvinciasCL-151"> </a></td><td>Arica</td></tr><tr><td style="white-space:nowrap">112<a name="CSCodProvinciasCL-112"> </a></td><td>Aysén</td></tr><tr><td style="white-space:nowrap">083<a name="CSCodProvinciasCL-083"> </a></td><td>Biobío</td></tr><tr><td style="white-space:nowrap">061<a name="CSCodProvinciasCL-061"> </a></td><td>Cachapoal</td></tr><tr><td style="white-space:nowrap">113<a name="CSCodProvinciasCL-113"> </a></td><td>Capitán Prat</td></tr><tr><td style="white-space:nowrap">062<a name="CSCodProvinciasCL-062"> </a></td><td>Cardenal Caro</td></tr><tr><td style="white-space:nowrap">072<a name="CSCodProvinciasCL-072"> </a></td><td>Cauquenes</td></tr><tr><td style="white-space:nowrap">091<a name="CSCodProvinciasCL-091"> </a></td><td>Cautín</td></tr><tr><td style="white-space:nowrap">133<a name="CSCodProvinciasCL-133"> </a></td><td>Chacabuco</td></tr><tr><td style="white-space:nowrap">032<a name="CSCodProvinciasCL-032"> </a></td><td>Chañaral</td></tr><tr><td style="white-space:nowrap">102<a name="CSCodProvinciasCL-102"> </a></td><td>Chiloé</td></tr><tr><td style="white-space:nowrap">042<a name="CSCodProvinciasCL-042"> </a></td><td>Choapa</td></tr><tr><td style="white-space:nowrap">111<a name="CSCodProvinciasCL-111"> </a></td><td>Coihaique</td></tr><tr><td style="white-space:nowrap">063<a name="CSCodProvinciasCL-063"> </a></td><td>Colchagua</td></tr><tr><td style="white-space:nowrap">081<a name="CSCodProvinciasCL-081"> </a></td><td>Concepción</td></tr><tr><td style="white-space:nowrap">031<a name="CSCodProvinciasCL-031"> </a></td><td>Copiapó</td></tr><tr><td style="white-space:nowrap">132<a name="CSCodProvinciasCL-132"> </a></td><td>Cordillera</td></tr><tr><td style="white-space:nowrap">073<a name="CSCodProvinciasCL-073"> </a></td><td>Curicó</td></tr><tr><td style="white-space:nowrap">161<a name="CSCodProvinciasCL-161"> </a></td><td>Diguillín</td></tr><tr><td style="white-space:nowrap">022<a name="CSCodProvinciasCL-022"> </a></td><td>El Loa</td></tr><tr><td style="white-space:nowrap">041<a name="CSCodProvinciasCL-041"> </a></td><td>Elqui</td></tr><tr><td style="white-space:nowrap">114<a name="CSCodProvinciasCL-114"> </a></td><td>General Carrera</td></tr><tr><td style="white-space:nowrap">033<a name="CSCodProvinciasCL-033"> </a></td><td>Huasco</td></tr><tr><td style="white-space:nowrap">011<a name="CSCodProvinciasCL-011"> </a></td><td>Iquique</td></tr><tr><td style="white-space:nowrap">052<a name="CSCodProvinciasCL-052"> </a></td><td>Isla de Pascua</td></tr><tr><td style="white-space:nowrap">162<a name="CSCodProvinciasCL-162"> </a></td><td>Itata</td></tr><tr><td style="white-space:nowrap">043<a name="CSCodProvinciasCL-043"> </a></td><td>Limarí</td></tr><tr><td style="white-space:nowrap">074<a name="CSCodProvinciasCL-074"> </a></td><td>Linares</td></tr><tr><td style="white-space:nowrap">101<a name="CSCodProvinciasCL-101"> </a></td><td>Llanquihue</td></tr><tr><td style="white-space:nowrap">053<a name="CSCodProvinciasCL-053"> </a></td><td>Los Andes</td></tr><tr><td style="white-space:nowrap">121<a name="CSCodProvinciasCL-121"> </a></td><td>Magallanes</td></tr><tr><td style="white-space:nowrap">134<a name="CSCodProvinciasCL-134"> </a></td><td>Maipo</td></tr><tr><td style="white-space:nowrap">092<a name="CSCodProvinciasCL-092"> </a></td><td>Malleco</td></tr><tr><td style="white-space:nowrap">058<a name="CSCodProvinciasCL-058"> </a></td><td>Marga Marga</td></tr><tr><td style="white-space:nowrap">135<a name="CSCodProvinciasCL-135"> </a></td><td>Melipilla</td></tr><tr><td style="white-space:nowrap">103<a name="CSCodProvinciasCL-103"> </a></td><td>Osorno</td></tr><tr><td style="white-space:nowrap">104<a name="CSCodProvinciasCL-104"> </a></td><td>Palena</td></tr><tr><td style="white-space:nowrap">152<a name="CSCodProvinciasCL-152"> </a></td><td>Parinacota</td></tr><tr><td style="white-space:nowrap">054<a name="CSCodProvinciasCL-054"> </a></td><td>Petorca</td></tr><tr><td style="white-space:nowrap">163<a name="CSCodProvinciasCL-163"> </a></td><td>Punilla</td></tr><tr><td style="white-space:nowrap">055<a name="CSCodProvinciasCL-055"> </a></td><td>Quillota</td></tr><tr><td style="white-space:nowrap">142<a name="CSCodProvinciasCL-142"> </a></td><td>Ranco</td></tr><tr><td style="white-space:nowrap">056<a name="CSCodProvinciasCL-056"> </a></td><td>San Antonio</td></tr><tr><td style="white-space:nowrap">057<a name="CSCodProvinciasCL-057"> </a></td><td>San Felipe de Aconcagua</td></tr><tr><td style="white-space:nowrap">131<a name="CSCodProvinciasCL-131"> </a></td><td>Santiago</td></tr><tr><td style="white-space:nowrap">136<a name="CSCodProvinciasCL-136"> </a></td><td>Talagante</td></tr><tr><td style="white-space:nowrap">071<a name="CSCodProvinciasCL-071"> </a></td><td>Talca</td></tr><tr><td style="white-space:nowrap">014<a name="CSCodProvinciasCL-014"> </a></td><td>Tamarugal</td></tr><tr><td style="white-space:nowrap">123<a name="CSCodProvinciasCL-123"> </a></td><td>Tierra del Fuego</td></tr><tr><td style="white-space:nowrap">023<a name="CSCodProvinciasCL-023"> </a></td><td>Tocopilla</td></tr><tr><td style="white-space:nowrap">124<a name="CSCodProvinciasCL-124"> </a></td><td>última Esperanza</td></tr><tr><td style="white-space:nowrap">141<a name="CSCodProvinciasCL-141"> </a></td><td>Valdivia</td></tr><tr><td style="white-space:nowrap">051<a name="CSCodProvinciasCL-051"> </a></td><td>Valparaíso</td></tr></table></div>
  </text>
  <url value="https://hl7chile.cl/fhir/ig/corecl/CodeSystem/CSCodProvinciasCL"/>
  <version value="1.7.0"/>
  <name value="CSCodProvinciasCL"/>
  <title value="Códigos de Provincias en Chile"/>
  <status value="active"/>
  <date value="2022-01-18T00:00:00-03:00"/>
  <publisher value="HL7 Chile"/>
  <contact>
    <name value="HL7 Chile"/>
    <telecom>
      <system value="url"/>
      <value value="http://hl7chile.cl"/>
    </telecom>
    <telecom>
      <system value="email"/>
      <value value="chair@hl7chile.cl"/>
    </telecom>
  </contact>
  <description value="Códigos de Provincias para Chile según Códigos Únicos Territoriales Actualizados, por Decreto exento No 817 del Ministerio del Interior"/>
  <jurisdiction>
    <coding>
      <system value="urn:iso:std:iso:3166"/>
      <code value="CL"/>
      <display value="Chile"/>
    </coding>
  </jurisdiction>
  <copyright value="Usado con el permiso de HL7 International, todos los derechos resevados en los Licencias de HL7 Internacional."/>
  <content value="complete"/>
  <count value="56"/>
  <concept>
    <code value="122"/>
    <display value="Antártica Chilena"/>
  </concept>
  <concept>
    <code value="021"/>
    <display value="Antofagasta"/>
  </concept>
  <concept>
    <code value="082"/>
    <display value="Arauco"/>
  </concept>
  <concept>
    <code value="151"/>
    <display value="Arica"/>
  </concept>
  <concept>
    <code value="112"/>
    <display value="Aysén"/>
  </concept>
  <concept>
    <code value="083"/>
    <display value="Biobío"/>
  </concept>
  <concept>
    <code value="061"/>
    <display value="Cachapoal"/>
  </concept>
  <concept>
    <code value="113"/>
    <display value="Capitán Prat"/>
  </concept>
  <concept>
    <code value="062"/>
    <display value="Cardenal Caro"/>
  </concept>
  <concept>
    <code value="072"/>
    <display value="Cauquenes"/>
  </concept>
  <concept>
    <code value="091"/>
    <display value="Cautín"/>
  </concept>
  <concept>
    <code value="133"/>
    <display value="Chacabuco"/>
  </concept>
  <concept>
    <code value="032"/>
    <display value="Chañaral"/>
  </concept>
  <concept>
    <code value="102"/>
    <display value="Chiloé"/>
  </concept>
  <concept>
    <code value="042"/>
    <display value="Choapa"/>
  </concept>
  <concept>
    <code value="111"/>
    <display value="Coihaique"/>
  </concept>
  <concept>
    <code value="063"/>
    <display value="Colchagua"/>
  </concept>
  <concept>
    <code value="081"/>
    <display value="Concepción"/>
  </concept>
  <concept>
    <code value="031"/>
    <display value="Copiapó"/>
  </concept>
  <concept>
    <code value="132"/>
    <display value="Cordillera"/>
  </concept>
  <concept>
    <code value="073"/>
    <display value="Curicó"/>
  </concept>
  <concept>
    <code value="161"/>
    <display value="Diguillín"/>
  </concept>
  <concept>
    <code value="022"/>
    <display value="El Loa"/>
  </concept>
  <concept>
    <code value="041"/>
    <display value="Elqui"/>
  </concept>
  <concept>
    <code value="114"/>
    <display value="General Carrera"/>
  </concept>
  <concept>
    <code value="033"/>
    <display value="Huasco"/>
  </concept>
  <concept>
    <code value="011"/>
    <display value="Iquique"/>
  </concept>
  <concept>
    <code value="052"/>
    <display value="Isla de Pascua"/>
  </concept>
  <concept>
    <code value="162"/>
    <display value="Itata"/>
  </concept>
  <concept>
    <code value="043"/>
    <display value="Limarí"/>
  </concept>
  <concept>
    <code value="074"/>
    <display value="Linares"/>
  </concept>
  <concept>
    <code value="101"/>
    <display value="Llanquihue"/>
  </concept>
  <concept>
    <code value="053"/>
    <display value="Los Andes"/>
  </concept>
  <concept>
    <code value="121"/>
    <display value="Magallanes"/>
  </concept>
  <concept>
    <code value="134"/>
    <display value="Maipo"/>
  </concept>
  <concept>
    <code value="092"/>
    <display value="Malleco"/>
  </concept>
  <concept>
    <code value="058"/>
    <display value="Marga Marga"/>
  </concept>
  <concept>
    <code value="135"/>
    <display value="Melipilla"/>
  </concept>
  <concept>
    <code value="103"/>
    <display value="Osorno"/>
  </concept>
  <concept>
    <code value="104"/>
    <display value="Palena"/>
  </concept>
  <concept>
    <code value="152"/>
    <display value="Parinacota"/>
  </concept>
  <concept>
    <code value="054"/>
    <display value="Petorca"/>
  </concept>
  <concept>
    <code value="163"/>
    <display value="Punilla"/>
  </concept>
  <concept>
    <code value="055"/>
    <display value="Quillota"/>
  </concept>
  <concept>
    <code value="142"/>
    <display value="Ranco"/>
  </concept>
  <concept>
    <code value="056"/>
    <display value="San Antonio"/>
  </concept>
  <concept>
    <code value="057"/>
    <display value="San Felipe de Aconcagua"/>
  </concept>
  <concept>
    <code value="131"/>
    <display value="Santiago"/>
  </concept>
  <concept>
    <code value="136"/>
    <display value="Talagante"/>
  </concept>
  <concept>
    <code value="071"/>
    <display value="Talca"/>
  </concept>
  <concept>
    <code value="014"/>
    <display value="Tamarugal"/>
  </concept>
  <concept>
    <code value="123"/>
    <display value="Tierra del Fuego"/>
  </concept>
  <concept>
    <code value="023"/>
    <display value="Tocopilla"/>
  </concept>
  <concept>
    <code value="124"/>
    <display value="última Esperanza"/>
  </concept>
  <concept>
    <code value="141"/>
    <display value="Valdivia"/>
  </concept>
  <concept>
    <code value="051"/>
    <display value="Valparaíso"/>
  </concept>
</CodeSystem>