<?xml version="1.0" encoding="UTF-8"?>

<CodeSystem xmlns="http://hl7.org/fhir">
  <id value="CSCodSSalud"/>
  <text>
    <status value="generated"/><div xmlns="http://www.w3.org/1999/xhtml"><p>This code system <code>https://hl7chile.cl/fhir/ig/corecl/CodeSystem/CSCodSSalud</code> defines the following codes:</p><table class="codes"><tr><td style="white-space:nowrap"><b>Code</b></td><td><b>Display</b></td></tr><tr><td style="white-space:nowrap">SSA<a name="CSCodSSalud-SSA"> </a></td><td>Servicio de Salud Arica</td></tr><tr><td style="white-space:nowrap">SSAN<a name="CSCodSSalud-SSAN"> </a></td><td>Servicio de Salud Antofagasta</td></tr><tr><td style="white-space:nowrap">SSAT<a name="CSCodSSalud-SSAT"> </a></td><td>Servicio de Salud Atacama</td></tr><tr><td style="white-space:nowrap">SSC<a name="CSCodSSalud-SSC"> </a></td><td>Servicio de Salud Coquimbo</td></tr><tr><td style="white-space:nowrap">SSVSA<a name="CSCodSSalud-SSVSA"> </a></td><td>Servicio de Salud Valparaíso-San Antonio</td></tr><tr><td style="white-space:nowrap">SSVQ<a name="CSCodSSalud-SSVQ"> </a></td><td>Servicio de Salud Viña del Mar-Quillota</td></tr><tr><td style="white-space:nowrap">SSAC<a name="CSCodSSalud-SSAC"> </a></td><td>Servicio de Salud Aconcagua</td></tr><tr><td style="white-space:nowrap">SSMN<a name="CSCodSSalud-SSMN"> </a></td><td>Servicio de Salud Metropolitano Norte (SSMN)</td></tr><tr><td style="white-space:nowrap">SSMOC<a name="CSCodSSalud-SSMOC"> </a></td><td>Servicio de Salud Metropolitano Occidente (SSMOC)</td></tr><tr><td style="white-space:nowrap">SSMC<a name="CSCodSSalud-SSMC"> </a></td><td>Servicio de Salud Metropolitano Central (SSMC)</td></tr><tr><td style="white-space:nowrap">SSMS<a name="CSCodSSalud-SSMS"> </a></td><td>Servicio de Salud Metropolitano Sur (SSMS)</td></tr><tr><td style="white-space:nowrap">SSMO<a name="CSCodSSalud-SSMO"> </a></td><td>Servicio de Salud Metropolitano Oriente (SSMO)</td></tr><tr><td style="white-space:nowrap">SSMSO<a name="CSCodSSalud-SSMSO"> </a></td><td>Servicio de Salud Metropolitano Sur Oriente (SSMSO)</td></tr><tr><td style="white-space:nowrap">SSOH<a name="CSCodSSalud-SSOH"> </a></td><td>Servicio de Salud Libertador B. OHiggins</td></tr><tr><td style="white-space:nowrap">SSM<a name="CSCodSSalud-SSM"> </a></td><td>Servicio de Salud del Maule</td></tr><tr><td style="white-space:nowrap">SSÑ<a name="CSCodSSalud-SS.209"> </a></td><td>Servicio de Salud Ñuble</td></tr><tr><td style="white-space:nowrap">SSCO<a name="CSCodSSalud-SSCO"> </a></td><td>Servicio de Salud Concepción</td></tr><tr><td style="white-space:nowrap">SSAR<a name="CSCodSSalud-SSAR"> </a></td><td>Servicio de Salud Arauco</td></tr><tr><td style="white-space:nowrap">SST<a name="CSCodSSalud-SST"> </a></td><td>Servicio de Salud Talcahuano</td></tr><tr><td style="white-space:nowrap">SSB<a name="CSCodSSalud-SSB"> </a></td><td>Servicio de Salud Bíobío</td></tr><tr><td style="white-space:nowrap">SSARN<a name="CSCodSSalud-SSARN"> </a></td><td>Servicio de Salud Araucanía Norte</td></tr><tr><td style="white-space:nowrap">SSAS<a name="CSCodSSalud-SSAS"> </a></td><td>Servicio de Salud Araucanía Sur</td></tr><tr><td style="white-space:nowrap">SSV<a name="CSCodSSalud-SSV"> </a></td><td>Servicio de Salud Valdivia</td></tr><tr><td style="white-space:nowrap">SSO<a name="CSCodSSalud-SSO"> </a></td><td>Servicio de Salud Osorno</td></tr><tr><td style="white-space:nowrap">SSR<a name="CSCodSSalud-SSR"> </a></td><td>Servicio de Salud Reloncaví</td></tr><tr><td style="white-space:nowrap">SSCH<a name="CSCodSSalud-SSCH"> </a></td><td>Servicio de Salud Chiloé</td></tr><tr><td style="white-space:nowrap">SSAY<a name="CSCodSSalud-SSAY"> </a></td><td>Servicio de Salud Aysén</td></tr><tr><td style="white-space:nowrap">SSMA<a name="CSCodSSalud-SSMA"> </a></td><td>Servicio de Salud Magallanes</td></tr></table></div>
  </text>
  <url value="https://hl7chile.cl/fhir/ig/corecl/CodeSystem/CSCodSSalud"/>
  <version value="1.7.0"/>
  <name value="CSCodSSaludCL"/>
  <title value="Servicios de Salud Chile"/>
  <status value="active"/>
  <date value="2022-06-10T00:00:00-03:00"/>
  <publisher value="HL7 Chile"/>
  <contact>
    <name value="HL7 Chile"/>
    <telecom>
      <system value="url"/>
      <value value="http://hl7chile.cl"/>
    </telecom>
    <telecom>
      <system value="email"/>
      <value value="chair@hl7chile.cl"/>
    </telecom>
  </contact>
  <description value="Códigos del Sistema Nacional de Servicios de Salud"/>
  <jurisdiction>
    <coding>
      <system value="urn:iso:std:iso:3166"/>
      <code value="CL"/>
      <display value="Chile"/>
    </coding>
  </jurisdiction>
  <copyright value="Usado con el permiso de HL7 International, todos los derechos resevados en los Licencias de HL7 Internacional."/>
  <content value="complete"/>
  <count value="28"/>
  <concept>
    <code value="SSA"/>
    <display value="Servicio de Salud Arica"/>
  </concept>
  <concept>
    <code value="SSAN"/>
    <display value="Servicio de Salud Antofagasta"/>
  </concept>
  <concept>
    <code value="SSAT"/>
    <display value="Servicio de Salud Atacama"/>
  </concept>
  <concept>
    <code value="SSC"/>
    <display value="Servicio de Salud Coquimbo"/>
  </concept>
  <concept>
    <code value="SSVSA"/>
    <display value="Servicio de Salud Valparaíso-San Antonio"/>
  </concept>
  <concept>
    <code value="SSVQ"/>
    <display value="Servicio de Salud Viña del Mar-Quillota"/>
  </concept>
  <concept>
    <code value="SSAC"/>
    <display value="Servicio de Salud Aconcagua"/>
  </concept>
  <concept>
    <code value="SSMN"/>
    <display value="Servicio de Salud Metropolitano Norte (SSMN)"/>
  </concept>
  <concept>
    <code value="SSMOC"/>
    <display value="Servicio de Salud Metropolitano Occidente (SSMOC)"/>
  </concept>
  <concept>
    <code value="SSMC"/>
    <display value="Servicio de Salud Metropolitano Central (SSMC)"/>
  </concept>
  <concept>
    <code value="SSMS"/>
    <display value="Servicio de Salud Metropolitano Sur (SSMS)"/>
  </concept>
  <concept>
    <code value="SSMO"/>
    <display value="Servicio de Salud Metropolitano Oriente (SSMO)"/>
  </concept>
  <concept>
    <code value="SSMSO"/>
    <display value="Servicio de Salud Metropolitano Sur Oriente (SSMSO)"/>
  </concept>
  <concept>
    <code value="SSOH"/>
    <display value="Servicio de Salud Libertador B. OHiggins"/>
  </concept>
  <concept>
    <code value="SSM"/>
    <display value="Servicio de Salud del Maule"/>
  </concept>
  <concept>
    <code value="SSÑ"/>
    <display value="Servicio de Salud Ñuble"/>
  </concept>
  <concept>
    <code value="SSCO"/>
    <display value="Servicio de Salud Concepción"/>
  </concept>
  <concept>
    <code value="SSAR"/>
    <display value="Servicio de Salud Arauco"/>
  </concept>
  <concept>
    <code value="SST"/>
    <display value="Servicio de Salud Talcahuano"/>
  </concept>
  <concept>
    <code value="SSB"/>
    <display value="Servicio de Salud Bíobío"/>
  </concept>
  <concept>
    <code value="SSARN"/>
    <display value="Servicio de Salud Araucanía Norte"/>
  </concept>
  <concept>
    <code value="SSAS"/>
    <display value="Servicio de Salud Araucanía Sur"/>
  </concept>
  <concept>
    <code value="SSV"/>
    <display value="Servicio de Salud Valdivia"/>
  </concept>
  <concept>
    <code value="SSO"/>
    <display value="Servicio de Salud Osorno"/>
  </concept>
  <concept>
    <code value="SSR"/>
    <display value="Servicio de Salud Reloncaví"/>
  </concept>
  <concept>
    <code value="SSCH"/>
    <display value="Servicio de Salud Chiloé"/>
  </concept>
  <concept>
    <code value="SSAY"/>
    <display value="Servicio de Salud Aysén"/>
  </concept>
  <concept>
    <code value="SSMA"/>
    <display value="Servicio de Salud Magallanes"/>
  </concept>
</CodeSystem>