{
  "resourceType": "CodeSystem",
  "id": "CSCodigoslenguaje",
  "text": {
    "status": "generated",
    "div": "<div xmlns=\"http://www.w3.org/1999/xhtml\"><p>This code system <code>https://hl7chile.cl/fhir/ig/corecl/CodeSystem/CSCodigoslenguaje</code> defines the following codes:</p><table class=\"codes\"><tr><td style=\"white-space:nowrap\"><b>Code</b></td><td><b>Display</b></td><td><b>Definition</b></td></tr><tr><td style=\"white-space:nowrap\">ar-SA<a name=\"CSCodigoslenguaje-ar-SA\"> </a></td><td>Arabic</td><td>Saudi Arabia, Arabic (Saudi Arabia)</td></tr><tr><td style=\"white-space:nowrap\">bn-BD<a name=\"CSCodigoslenguaje-bn-BD\"> </a></td><td>Bangla</td><td>Bangladesh, Bangla (Bangladesh)</td></tr><tr><td style=\"white-space:nowrap\">bn-IN<a name=\"CSCodigoslenguaje-bn-IN\"> </a></td><td>Bangla</td><td>India, Bangla (India)</td></tr><tr><td style=\"white-space:nowrap\">cs-CZ<a name=\"CSCodigoslenguaje-cs-CZ\"> </a></td><td>Czech</td><td>Czech Republic, Czech (Czech Republic)</td></tr><tr><td style=\"white-space:nowrap\">da-DK<a name=\"CSCodigoslenguaje-da-DK\"> </a></td><td>Danish</td><td>Denmark, Danish (Denmark)</td></tr><tr><td style=\"white-space:nowrap\">de-AT<a name=\"CSCodigoslenguaje-de-AT\"> </a></td><td>German</td><td>Austria, Austrian German</td></tr><tr><td style=\"white-space:nowrap\">de-CH<a name=\"CSCodigoslenguaje-de-CH\"> </a></td><td>German</td><td>Switzerland, Swiss German</td></tr><tr><td style=\"white-space:nowrap\">de-DE<a name=\"CSCodigoslenguaje-de-DE\"> </a></td><td>German</td><td>Germany, Standard German (as spoken in Germany)</td></tr><tr><td style=\"white-space:nowrap\">el-GR<a name=\"CSCodigoslenguaje-el-GR\"> </a></td><td>Greek</td><td>Greece, Modern Greek</td></tr><tr><td style=\"white-space:nowrap\">en-AU<a name=\"CSCodigoslenguaje-en-AU\"> </a></td><td>English</td><td>Australia, Australian English</td></tr><tr><td style=\"white-space:nowrap\">en-CA<a name=\"CSCodigoslenguaje-en-CA\"> </a></td><td>English</td><td>Canada, Canadian English</td></tr><tr><td style=\"white-space:nowrap\">en-GB<a name=\"CSCodigoslenguaje-en-GB\"> </a></td><td>English</td><td>United Kingdom, British English</td></tr><tr><td style=\"white-space:nowrap\">en-IE<a name=\"CSCodigoslenguaje-en-IE\"> </a></td><td>English</td><td>Ireland, Irish English</td></tr><tr><td style=\"white-space:nowrap\">en-IN<a name=\"CSCodigoslenguaje-en-IN\"> </a></td><td>English</td><td>India, Indian English</td></tr><tr><td style=\"white-space:nowrap\">en-NZ<a name=\"CSCodigoslenguaje-en-NZ\"> </a></td><td>English</td><td>New Zealand, New Zealand English</td></tr><tr><td style=\"white-space:nowrap\">en-US<a name=\"CSCodigoslenguaje-en-US\"> </a></td><td>English</td><td>United States, US English</td></tr><tr><td style=\"white-space:nowrap\">en-ZA<a name=\"CSCodigoslenguaje-en-ZA\"> </a></td><td>English</td><td>South Africa, English (South Africa)</td></tr><tr><td style=\"white-space:nowrap\">es-AR<a name=\"CSCodigoslenguaje-es-AR\"> </a></td><td>Spanish</td><td>Argentina, Argentine Spanish</td></tr><tr><td style=\"white-space:nowrap\">es-CL<a name=\"CSCodigoslenguaje-es-CL\"> </a></td><td>Spanish</td><td>Chile, Chilean Spanish</td></tr><tr><td style=\"white-space:nowrap\">es-CO<a name=\"CSCodigoslenguaje-es-CO\"> </a></td><td>Spanish</td><td>Columbia, Colombian Spanish</td></tr><tr><td style=\"white-space:nowrap\">es-ES<a name=\"CSCodigoslenguaje-es-ES\"> </a></td><td>Spanish</td><td>Spain, Castilian Spanish (as spoken in Central-Northern Spain)</td></tr><tr><td style=\"white-space:nowrap\">es-MX<a name=\"CSCodigoslenguaje-es-MX\"> </a></td><td>Spanish</td><td>Mexico, Mexican Spanish</td></tr><tr><td style=\"white-space:nowrap\">es-US<a name=\"CSCodigoslenguaje-es-US\"> </a></td><td>Spanish</td><td>United States, American Spanish</td></tr><tr><td style=\"white-space:nowrap\">fi-FI<a name=\"CSCodigoslenguaje-fi-FI\"> </a></td><td>Finnish</td><td>Finland, Finnish (Finland)</td></tr><tr><td style=\"white-space:nowrap\">fr-BE<a name=\"CSCodigoslenguaje-fr-BE\"> </a></td><td>French</td><td>Belgium, Belgian French</td></tr><tr><td style=\"white-space:nowrap\">fr-CA<a name=\"CSCodigoslenguaje-fr-CA\"> </a></td><td>French</td><td>Canada, Canadian French</td></tr><tr><td style=\"white-space:nowrap\">fr-CH<a name=\"CSCodigoslenguaje-fr-CH\"> </a></td><td>French</td><td>Switzerland, Swiss French</td></tr><tr><td style=\"white-space:nowrap\">fr-FR<a name=\"CSCodigoslenguaje-fr-FR\"> </a></td><td>French</td><td>France, Standard French (especially in France)</td></tr><tr><td style=\"white-space:nowrap\">he-IL<a name=\"CSCodigoslenguaje-he-IL\"> </a></td><td>Hebrew</td><td>Israel, Hebrew (Israel)</td></tr><tr><td style=\"white-space:nowrap\">hi-IN<a name=\"CSCodigoslenguaje-hi-IN\"> </a></td><td>Hindi</td><td>India, Hindi (India)</td></tr><tr><td style=\"white-space:nowrap\">hu-HU<a name=\"CSCodigoslenguaje-hu-HU\"> </a></td><td>Hungarian</td><td>Hungary, Hungarian (Hungary)</td></tr><tr><td style=\"white-space:nowrap\">id-ID<a name=\"CSCodigoslenguaje-id-ID\"> </a></td><td>Indonesian</td><td>Indonesia, Indonesian (Indonesia)</td></tr><tr><td style=\"white-space:nowrap\">it-CH<a name=\"CSCodigoslenguaje-it-CH\"> </a></td><td>Italian</td><td>Switzerland, Swiss Italian</td></tr><tr><td style=\"white-space:nowrap\">it-IT<a name=\"CSCodigoslenguaje-it-IT\"> </a></td><td>Italian</td><td>Italy, Standard Italian (as spoken in Italy)</td></tr><tr><td style=\"white-space:nowrap\">jp-JP<a name=\"CSCodigoslenguaje-jp-JP\"> </a></td><td>Japanese</td><td>Japan, Japanese (Japan)</td></tr><tr><td style=\"white-space:nowrap\">ko-KR<a name=\"CSCodigoslenguaje-ko-KR\"> </a></td><td>Korean</td><td>Republic of Korea, Korean (Republic of Korea)</td></tr><tr><td style=\"white-space:nowrap\">nl-BE<a name=\"CSCodigoslenguaje-nl-BE\"> </a></td><td>Dutch</td><td>Belgium, Belgian Dutch</td></tr><tr><td style=\"white-space:nowrap\">nl-NL<a name=\"CSCodigoslenguaje-nl-NL\"> </a></td><td>Dutch</td><td>The Netherlands, Standard Dutch (as spoken in The Netherlands)</td></tr><tr><td style=\"white-space:nowrap\">no-NO<a name=\"CSCodigoslenguaje-no-NO\"> </a></td><td>Norwegian</td><td>Norway, Norwegian (Norway)</td></tr><tr><td style=\"white-space:nowrap\">pl-PL<a name=\"CSCodigoslenguaje-pl-PL\"> </a></td><td>Polish</td><td>Poland, Polish (Poland)</td></tr><tr><td style=\"white-space:nowrap\">pt-BR<a name=\"CSCodigoslenguaje-pt-BR\"> </a></td><td>Portugese</td><td>Brazil, Brazilian Portuguese</td></tr><tr><td style=\"white-space:nowrap\">pt-PT<a name=\"CSCodigoslenguaje-pt-PT\"> </a></td><td>Portugese</td><td>Portugal, European Portuguese (as written and spoken in Portugal)</td></tr><tr><td style=\"white-space:nowrap\">ro-RO<a name=\"CSCodigoslenguaje-ro-RO\"> </a></td><td>Romanian</td><td>Romania, Romanian (Romania)</td></tr><tr><td style=\"white-space:nowrap\">ru-RU<a name=\"CSCodigoslenguaje-ru-RU\"> </a></td><td>Russian</td><td>Russian Federation, Russian (Russian Federation)</td></tr><tr><td style=\"white-space:nowrap\">sk-SK<a name=\"CSCodigoslenguaje-sk-SK\"> </a></td><td>Slovak</td><td>Slovakia, Slovak (Slovakia)</td></tr><tr><td style=\"white-space:nowrap\">sv-SE<a name=\"CSCodigoslenguaje-sv-SE\"> </a></td><td>Swedish</td><td>Sweden, Swedish (Sweden)</td></tr><tr><td style=\"white-space:nowrap\">ta-IN<a name=\"CSCodigoslenguaje-ta-IN\"> </a></td><td>Tamil</td><td>India, Indian Tamil</td></tr><tr><td style=\"white-space:nowrap\">ta-LK<a name=\"CSCodigoslenguaje-ta-LK\"> </a></td><td>Tamil</td><td>Sri Lanka, Sri Lankan Tamil</td></tr><tr><td style=\"white-space:nowrap\">th-TH<a name=\"CSCodigoslenguaje-th-TH\"> </a></td><td>Thai</td><td>Thailand, Thai (Thailand)</td></tr><tr><td style=\"white-space:nowrap\">tr-TR<a name=\"CSCodigoslenguaje-tr-TR\"> </a></td><td>Turkish</td><td>Turkey, Turkish (Turkey)</td></tr><tr><td style=\"white-space:nowrap\">zh-CN<a name=\"CSCodigoslenguaje-zh-CN\"> </a></td><td>Chinese</td><td>China, Mainland China, simplified characters</td></tr><tr><td style=\"white-space:nowrap\">zh-HK<a name=\"CSCodigoslenguaje-zh-HK\"> </a></td><td>Chinese</td><td>Hond Kong, Hong Kong, traditional characters</td></tr><tr><td style=\"white-space:nowrap\">zh-TW<a name=\"CSCodigoslenguaje-zh-TW\"> </a></td><td>Chinese</td><td>Taiwan, Taiwan, traditional characters</td></tr></table></div>"
  },
  "url": "https://hl7chile.cl/fhir/ig/corecl/CodeSystem/CSCodigoslenguaje",
  "version": "1.7.0",
  "name": "CSCodigoslenguaje",
  "title": "Codigos Lenguaje",
  "status": "active",
  "date": "2022-06-10T00:00:00-03:00",
  "publisher": "HL7 Chile",
  "contact": [
    {
      "name": "HL7 Chile",
      "telecom": [
        {
          "system": "url",
          "value": "http://hl7chile.cl"
        },
        {
          "system": "email",
          "value": "chair@hl7chile.cl"
        }
      ]
    }
  ],
  "description": "Codigoslenguaje",
  "jurisdiction": [
    {
      "coding": [
        {
          "system": "urn:iso:std:iso:3166",
          "code": "CL",
          "display": "Chile"
        }
      ]
    }
  ],
  "copyright": "Usado con el permiso de HL7 International, todos los derechos resevados en los Licencias de HL7 Internacional.",
  "content": "complete",
  "count": 53,
  "concept": [
    {
      "code": "ar-SA",
      "display": "Arabic",
      "definition": "Saudi Arabia, Arabic (Saudi Arabia)"
    },
    {
      "code": "bn-BD",
      "display": "Bangla",
      "definition": "Bangladesh, Bangla (Bangladesh)"
    },
    {
      "code": "bn-IN",
      "display": "Bangla",
      "definition": "India, Bangla (India)"
    },
    {
      "code": "cs-CZ",
      "display": "Czech",
      "definition": "Czech Republic, Czech (Czech Republic)"
    },
    {
      "code": "da-DK",
      "display": "Danish",
      "definition": "Denmark, Danish (Denmark)"
    },
    {
      "code": "de-AT",
      "display": "German",
      "definition": "Austria, Austrian German"
    },
    {
      "code": "de-CH",
      "display": "German",
      "definition": "Switzerland, Swiss German"
    },
    {
      "code": "de-DE",
      "display": "German",
      "definition": "Germany, Standard German (as spoken in Germany)"
    },
    {
      "code": "el-GR",
      "display": "Greek",
      "definition": "Greece, Modern Greek"
    },
    {
      "code": "en-AU",
      "display": "English",
      "definition": "Australia, Australian English"
    },
    {
      "code": "en-CA",
      "display": "English",
      "definition": "Canada, Canadian English"
    },
    {
      "code": "en-GB",
      "display": "English",
      "definition": "United Kingdom, British English"
    },
    {
      "code": "en-IE",
      "display": "English",
      "definition": "Ireland, Irish English"
    },
    {
      "code": "en-IN",
      "display": "English",
      "definition": "India, Indian English"
    },
    {
      "code": "en-NZ",
      "display": "English",
      "definition": "New Zealand, New Zealand English"
    },
    {
      "code": "en-US",
      "display": "English",
      "definition": "United States, US English"
    },
    {
      "code": "en-ZA",
      "display": "English",
      "definition": "South Africa, English (South Africa)"
    },
    {
      "code": "es-AR",
      "display": "Spanish",
      "definition": "Argentina, Argentine Spanish"
    },
    {
      "code": "es-CL",
      "display": "Spanish",
      "definition": "Chile, Chilean Spanish"
    },
    {
      "code": "es-CO",
      "display": "Spanish",
      "definition": "Columbia, Colombian Spanish"
    },
    {
      "code": "es-ES",
      "display": "Spanish",
      "definition": "Spain, Castilian Spanish (as spoken in Central-Northern Spain)"
    },
    {
      "code": "es-MX",
      "display": "Spanish",
      "definition": "Mexico, Mexican Spanish"
    },
    {
      "code": "es-US",
      "display": "Spanish",
      "definition": "United States, American Spanish"
    },
    {
      "code": "fi-FI",
      "display": "Finnish",
      "definition": "Finland, Finnish (Finland)"
    },
    {
      "code": "fr-BE",
      "display": "French",
      "definition": "Belgium, Belgian French"
    },
    {
      "code": "fr-CA",
      "display": "French",
      "definition": "Canada, Canadian French"
    },
    {
      "code": "fr-CH",
      "display": "French",
      "definition": "Switzerland, Swiss French"
    },
    {
      "code": "fr-FR",
      "display": "French",
      "definition": "France, Standard French (especially in France)"
    },
    {
      "code": "he-IL",
      "display": "Hebrew",
      "definition": "Israel, Hebrew (Israel)"
    },
    {
      "code": "hi-IN",
      "display": "Hindi",
      "definition": "India, Hindi (India)"
    },
    {
      "code": "hu-HU",
      "display": "Hungarian",
      "definition": "Hungary, Hungarian (Hungary)"
    },
    {
      "code": "id-ID",
      "display": "Indonesian",
      "definition": "Indonesia, Indonesian (Indonesia)"
    },
    {
      "code": "it-CH",
      "display": "Italian",
      "definition": "Switzerland, Swiss Italian"
    },
    {
      "code": "it-IT",
      "display": "Italian",
      "definition": "Italy, Standard Italian (as spoken in Italy)"
    },
    {
      "code": "jp-JP",
      "display": "Japanese",
      "definition": "Japan, Japanese (Japan)"
    },
    {
      "code": "ko-KR",
      "display": "Korean",
      "definition": "Republic of Korea, Korean (Republic of Korea)"
    },
    {
      "code": "nl-BE",
      "display": "Dutch",
      "definition": "Belgium, Belgian Dutch"
    },
    {
      "code": "nl-NL",
      "display": "Dutch",
      "definition": "The Netherlands, Standard Dutch (as spoken in The Netherlands)"
    },
    {
      "code": "no-NO",
      "display": "Norwegian",
      "definition": "Norway, Norwegian (Norway)"
    },
    {
      "code": "pl-PL",
      "display": "Polish",
      "definition": "Poland, Polish (Poland)"
    },
    {
      "code": "pt-BR",
      "display": "Portugese",
      "definition": "Brazil, Brazilian Portuguese"
    },
    {
      "code": "pt-PT",
      "display": "Portugese",
      "definition": "Portugal, European Portuguese (as written and spoken in Portugal)"
    },
    {
      "code": "ro-RO",
      "display": "Romanian",
      "definition": "Romania, Romanian (Romania)"
    },
    {
      "code": "ru-RU",
      "display": "Russian",
      "definition": "Russian Federation, Russian (Russian Federation)"
    },
    {
      "code": "sk-SK",
      "display": "Slovak",
      "definition": "Slovakia, Slovak (Slovakia)"
    },
    {
      "code": "sv-SE",
      "display": "Swedish",
      "definition": "Sweden, Swedish (Sweden)"
    },
    {
      "code": "ta-IN",
      "display": "Tamil",
      "definition": "India, Indian Tamil"
    },
    {
      "code": "ta-LK",
      "display": "Tamil",
      "definition": "Sri Lanka, Sri Lankan Tamil"
    },
    {
      "code": "th-TH",
      "display": "Thai",
      "definition": "Thailand, Thai (Thailand)"
    },
    {
      "code": "tr-TR",
      "display": "Turkish",
      "definition": "Turkey, Turkish (Turkey)"
    },
    {
      "code": "zh-CN",
      "display": "Chinese",
      "definition": "China, Mainland China, simplified characters"
    },
    {
      "code": "zh-HK",
      "display": "Chinese",
      "definition": "Hond Kong, Hong Kong, traditional characters"
    },
    {
      "code": "zh-TW",
      "display": "Chinese",
      "definition": "Taiwan, Taiwan, traditional characters"
    }
  ]
}