<?xml version="1.0" encoding="UTF-8"?>

<CodeSystem xmlns="http://hl7.org/fhir">
  <id value="CSCodRegionCL"/>
  <text>
    <status value="generated"/><div xmlns="http://www.w3.org/1999/xhtml"><p>This code system <code>https://hl7chile.cl/fhir/ig/corecl/CodeSystem/CSCodRegionCL</code> defines the following codes:</p><table class="codes"><tr><td style="white-space:nowrap"><b>Code</b></td><td><b>Display</b></td></tr><tr><td style="white-space:nowrap">15<a name="CSCodRegionCL-15"> </a></td><td>Arica y Parinacota</td></tr><tr><td style="white-space:nowrap">01<a name="CSCodRegionCL-01"> </a></td><td>Tarapacá</td></tr><tr><td style="white-space:nowrap">02<a name="CSCodRegionCL-02"> </a></td><td>Antofagasta</td></tr><tr><td style="white-space:nowrap">03<a name="CSCodRegionCL-03"> </a></td><td>Atacama</td></tr><tr><td style="white-space:nowrap">04<a name="CSCodRegionCL-04"> </a></td><td>Coquimbo</td></tr><tr><td style="white-space:nowrap">05<a name="CSCodRegionCL-05"> </a></td><td>Valparaíso</td></tr><tr><td style="white-space:nowrap">13<a name="CSCodRegionCL-13"> </a></td><td>Metropolitana de Santiago</td></tr><tr><td style="white-space:nowrap">06<a name="CSCodRegionCL-06"> </a></td><td>Del Libertador Gral. Bernardo O'Higgins</td></tr><tr><td style="white-space:nowrap">07<a name="CSCodRegionCL-07"> </a></td><td>Del Maule</td></tr><tr><td style="white-space:nowrap">08<a name="CSCodRegionCL-08"> </a></td><td>Del Biobío</td></tr><tr><td style="white-space:nowrap">09<a name="CSCodRegionCL-09"> </a></td><td>De la Araucanía</td></tr><tr><td style="white-space:nowrap">14<a name="CSCodRegionCL-14"> </a></td><td>De los Ríos</td></tr><tr><td style="white-space:nowrap">10<a name="CSCodRegionCL-10"> </a></td><td>De los Lagos</td></tr><tr><td style="white-space:nowrap">11<a name="CSCodRegionCL-11"> </a></td><td>Aysén del Gral. Carlos Ibáñez del Campo</td></tr><tr><td style="white-space:nowrap">12<a name="CSCodRegionCL-12"> </a></td><td>Magallanes y de la Antártica Chilena</td></tr><tr><td style="white-space:nowrap">16<a name="CSCodRegionCL-16"> </a></td><td>Ñuble</td></tr></table></div>
  </text>
  <url value="https://hl7chile.cl/fhir/ig/corecl/CodeSystem/CSCodRegionCL"/>
  <version value="1.7.0"/>
  <name value="CSCodRegionCL"/>
  <title value="Códigos de Regiones en Chile"/>
  <status value="active"/>
  <date value="2022-01-18T00:00:00-03:00"/>
  <publisher value="HL7 Chile"/>
  <contact>
    <name value="HL7 Chile"/>
    <telecom>
      <system value="url"/>
      <value value="http://hl7chile.cl"/>
    </telecom>
    <telecom>
      <system value="email"/>
      <value value="chair@hl7chile.cl"/>
    </telecom>
  </contact>
  <description value="Códigos de Regiones para Chile según Códigos Únicos Territoriales Actualizados, por Decreto exento No 817 del Ministerio del Interior"/>
  <jurisdiction>
    <coding>
      <system value="urn:iso:std:iso:3166"/>
      <code value="CL"/>
      <display value="Chile"/>
    </coding>
  </jurisdiction>
  <copyright value="Usado con el permiso de HL7 International, todos los derechos resevados en los Licencias de HL7 Internacional."/>
  <content value="complete"/>
  <count value="16"/>
  <concept>
    <code value="15"/>
    <display value="Arica y Parinacota"/>
  </concept>
  <concept>
    <code value="01"/>
    <display value="Tarapacá"/>
  </concept>
  <concept>
    <code value="02"/>
    <display value="Antofagasta"/>
  </concept>
  <concept>
    <code value="03"/>
    <display value="Atacama"/>
  </concept>
  <concept>
    <code value="04"/>
    <display value="Coquimbo"/>
  </concept>
  <concept>
    <code value="05"/>
    <display value="Valparaíso"/>
  </concept>
  <concept>
    <code value="13"/>
    <display value="Metropolitana de Santiago"/>
  </concept>
  <concept>
    <code value="06"/>
    <display value="Del Libertador Gral. Bernardo O'Higgins"/>
  </concept>
  <concept>
    <code value="07"/>
    <display value="Del Maule"/>
  </concept>
  <concept>
    <code value="08"/>
    <display value="Del Biobío"/>
  </concept>
  <concept>
    <code value="09"/>
    <display value="De la Araucanía"/>
  </concept>
  <concept>
    <code value="14"/>
    <display value="De los Ríos"/>
  </concept>
  <concept>
    <code value="10"/>
    <display value="De los Lagos"/>
  </concept>
  <concept>
    <code value="11"/>
    <display value="Aysén del Gral. Carlos Ibáñez del Campo"/>
  </concept>
  <concept>
    <code value="12"/>
    <display value="Magallanes y de la Antártica Chilena"/>
  </concept>
  <concept>
    <code value="16"/>
    <display value="Ñuble"/>
  </concept>
</CodeSystem>