<?xml version="1.0" encoding="UTF-8"?>

<Immunization xmlns="http://hl7.org/fhir">
  <id value="999"/>
  <text>
    <status value="generated"/><div xmlns="http://www.w3.org/1999/xhtml"><p><b>Generated Narrative: Immunization</b><a name="999"> </a></p><div style="display: inline-block; background-color: #d9e0e7; padding: 6px; margin: 4px; border: 1px solid #8da1b4; border-radius: 5px; line-height: 60%"><p style="margin-bottom: 0px">Resource Immunization "999" </p></div><p><b>status</b>: completed</p><p><b>vaccineCode</b>: Type B viral hepatitis <span style="background: LightGoldenRodYellow; margin: 4px; border: 1px solid khaki"> (<a href="https://browser.ihtsdotools.org/">SNOMED CT</a>#66071002)</span></p><p><b>patient</b>: <a href="Patient-11.html">Patient/11</a> ""</p><p><b>occurrence</b>: 2022-07-06 02:30:00+0100</p></div>
  </text>
  <status value="completed"/>
  <vaccineCode>
    <coding>
      <system value="http://snomed.info/sct"/>
      <code value="66071002"/>
    </coding>
  </vaccineCode>
  <patient>
    <reference value="Patient/11"/>
  </patient>
  <occurrenceDateTime value="2022-07-06T14:30:00+01:00"/>
</Immunization>