<?xml version="1.0" encoding="UTF-8"?>

<ImplementationGuide xmlns="http://hl7.org/fhir">
  <id value="hl7.fhir.cl.CoreCH"/>
  <text>
    <status value="extensions"/><div xmlns="http://www.w3.org/1999/xhtml"><h2>CoreCL</h2><p>The official URL for this implementation guide is: </p><pre>http://core.hl7chile.cl/ImplementationGuide/hl7.fhir.cl.CoreCH</pre><div><p>Guía de Implementación para los perfiles Core que se van a requerir a nivel de desarrollo Nacional</p>
</div></div>
  </text>
  <url value="http://core.hl7chile.cl/ImplementationGuide/hl7.fhir.cl.CoreCH"/>
  <version value="0.85 (Ballot Pendiente)"/>
  <name value="CoreCL"/>
  <title value="Gu&#xED;a de Implementaci&#xF3;n Core-CL"/>
  <status value="draft"/>
  <date value="2021-09"/>
  <contact>
    <name value="Pablo Pizzaro"/>
    <telecom>
      <system value="email"/>
      <value value="ppizarro.delgado@minsal.cl"/>
    </telecom>
  </contact>
  <description value="Gu&#xED;a de Implementaci&#xF3;n para los perfiles Core que se van a requerir a nivel de desarrollo Nacional"/>
  <jurisdiction>
    <coding>
      <system value="urn:iso:std:iso:3166"/>
      <code value="CL"/>
      <display value="Chile"/>
    </coding>
  </jurisdiction>
  <packageId value="hl7.fhir.cl.CoreCH"/>
  <license value="CC0-1.0"/>
  <fhirVersion value="4.0.1"/>
  <definition>
    <extension url="http://hl7.org/fhir/tools/StructureDefinition/ig-parameter">
      <extension url="code">
        <valueString value="copyrightyear"/>
      </extension>
      <extension url="value">
        <valueString value="2020+"/>
      </extension>
    </extension>
    <extension url="http://hl7.org/fhir/tools/StructureDefinition/ig-parameter">
      <extension url="code">
        <valueString value="releaselabel"/>
      </extension>
      <extension url="value">
        <valueString value="ci-build"/>
      </extension>
    </extension>
    <extension url="http://hl7.org/fhir/tools/StructureDefinition/ig-parameter">
      <extension url="code">
        <valueString value="apply-publisher"/>
      </extension>
      <extension url="value">
        <valueString value="true"/>
      </extension>
    </extension>
    <extension url="http://hl7.org/fhir/tools/StructureDefinition/ig-parameter">
      <extension url="code">
        <valueString value="apply-contact"/>
      </extension>
      <extension url="value">
        <valueString value="true"/>
      </extension>
    </extension>
    <extension url="http://hl7.org/fhir/tools/StructureDefinition/ig-parameter">
      <extension url="code">
        <valueString value="show-inherited-invariants"/>
      </extension>
      <extension url="value">
        <valueString value="false"/>
      </extension>
    </extension>
    <extension url="http://hl7.org/fhir/tools/StructureDefinition/ig-parameter">
      <extension url="code">
        <valueString value="autoload-resources"/>
      </extension>
      <extension url="value">
        <valueString value="true"/>
      </extension>
    </extension>
    <extension url="http://hl7.org/fhir/tools/StructureDefinition/ig-parameter">
      <extension url="code">
        <valueString value="path-liquid"/>
      </extension>
      <extension url="value">
        <valueString value="template/liquid"/>
      </extension>
    </extension>
    <extension url="http://hl7.org/fhir/tools/StructureDefinition/ig-parameter">
      <extension url="code">
        <valueString value="path-liquid"/>
      </extension>
      <extension url="value">
        <valueString value="input/liquid"/>
      </extension>
    </extension>
    <extension url="http://hl7.org/fhir/tools/StructureDefinition/ig-parameter">
      <extension url="code">
        <valueString value="path-qa"/>
      </extension>
      <extension url="value">
        <valueString value="temp/qa"/>
      </extension>
    </extension>
    <extension url="http://hl7.org/fhir/tools/StructureDefinition/ig-parameter">
      <extension url="code">
        <valueString value="path-temp"/>
      </extension>
      <extension url="value">
        <valueString value="temp/pages"/>
      </extension>
    </extension>
    <extension url="http://hl7.org/fhir/tools/StructureDefinition/ig-parameter">
      <extension url="code">
        <valueString value="path-output"/>
      </extension>
      <extension url="value">
        <valueString value="output"/>
      </extension>
    </extension>
    <extension url="http://hl7.org/fhir/tools/StructureDefinition/ig-parameter">
      <extension url="code">
        <valueString value="path-suppressed-warnings"/>
      </extension>
      <extension url="value">
        <valueString value="input/ignoreWarnings.txt"/>
      </extension>
    </extension>
    <extension url="http://hl7.org/fhir/tools/StructureDefinition/ig-parameter">
      <extension url="code">
        <valueString value="path-history"/>
      </extension>
      <extension url="value">
        <valueString value="http://core.hl7chile.cl/history.html"/>
      </extension>
    </extension>
    <extension url="http://hl7.org/fhir/tools/StructureDefinition/ig-parameter">
      <extension url="code">
        <valueString value="template-html"/>
      </extension>
      <extension url="value">
        <valueString value="template-page.html"/>
      </extension>
    </extension>
    <extension url="http://hl7.org/fhir/tools/StructureDefinition/ig-parameter">
      <extension url="code">
        <valueString value="template-md"/>
      </extension>
      <extension url="value">
        <valueString value="template-page-md.html"/>
      </extension>
    </extension>
    <extension url="http://hl7.org/fhir/tools/StructureDefinition/ig-parameter">
      <extension url="code">
        <valueString value="apply-context"/>
      </extension>
      <extension url="value">
        <valueString value="true"/>
      </extension>
    </extension>
    <extension url="http://hl7.org/fhir/tools/StructureDefinition/ig-parameter">
      <extension url="code">
        <valueString value="apply-copyright"/>
      </extension>
      <extension url="value">
        <valueString value="true"/>
      </extension>
    </extension>
    <extension url="http://hl7.org/fhir/tools/StructureDefinition/ig-parameter">
      <extension url="code">
        <valueString value="apply-jurisdiction"/>
      </extension>
      <extension url="value">
        <valueString value="true"/>
      </extension>
    </extension>
    <extension url="http://hl7.org/fhir/tools/StructureDefinition/ig-parameter">
      <extension url="code">
        <valueString value="apply-license"/>
      </extension>
      <extension url="value">
        <valueString value="true"/>
      </extension>
    </extension>
    <extension url="http://hl7.org/fhir/tools/StructureDefinition/ig-parameter">
      <extension url="code">
        <valueString value="apply-version"/>
      </extension>
      <extension url="value">
        <valueString value="true"/>
      </extension>
    </extension>
    <extension url="http://hl7.org/fhir/tools/StructureDefinition/ig-parameter">
      <extension url="code">
        <valueString value="active-tables"/>
      </extension>
      <extension url="value">
        <valueString value="true"/>
      </extension>
    </extension>
    <resource>
      <extension url="http://hl7.org/fhir/tools/StructureDefinition/resource-information">
        <valueString value="StructureDefinition:resource"/>
      </extension>
      <reference>
        <reference value="StructureDefinition/RecetaBundleCl"/>
      </reference>
      <name value="BundleCL"/>
      <description value="Este Perfil describe como debe ser el recurso Bundle que permite transportar una serie de recursos de PRescripci&#xF3;n para  conformar una receta"/>
      <exampleBoolean value="false"/>
    </resource>
    <resource>
      <extension url="http://hl7.org/fhir/tools/StructureDefinition/resource-information">
        <valueString value="StructureDefinition:resource"/>
      </extension>
      <reference>
        <reference value="StructureDefinition/CoreEspecialidadCl"/>
      </reference>
      <name value="Perfil utilizaco para asignar una o mas especialidades medicas a un prestador de salud."/>
      <description value="Este Perfil ha sido desarrollado para cubrir las necesidades del Caso de Uso de Receta Electr&#xF3;nica. Sin embargo, se ha modelado con el fin de cubrir las necesidades nacionales de un Recurso de Especialidad M&#xE9;dica para la denominaci&#xF3;n de Prescriptor en Chile"/>
      <exampleBoolean value="false"/>
    </resource>
    <resource>
      <extension url="http://hl7.org/fhir/tools/StructureDefinition/resource-information">
        <valueString value="StructureDefinition:resource"/>
      </extension>
      <reference>
        <reference value="StructureDefinition/CoreLocalizacionCl"/>
      </reference>
      <name value="Perfil de Localizaci&#xF3;n de Objetos e Infraestructura"/>
      <description value="Este perfil determina la ubicaci&#xF3;n especifica para un evento, objeto o Infraestructura espec&#xED;fica. Este perfil permite vinlcular la localizaci&#xF3;n especifica con una organizaci&#xF3;n o espacio f&#xED;sico espec&#xED;fico "/>
      <exampleBoolean value="false"/>
    </resource>
    <resource>
      <extension url="http://hl7.org/fhir/tools/StructureDefinition/resource-information">
        <valueString value="StructureDefinition:resource"/>
      </extension>
      <reference>
        <reference value="StructureDefinition/CoreMedicamentoCl"/>
      </reference>
      <name value="Medicamento Core Nacional"/>
      <description value="Este Perfil ha sido desarrollado para cubrir las necesidades del Caso de Uso de Receta Electr&#xF3;nica desde la visi&#xF3;n del TFC que se usar&#xE1; para poder manejar farmacos ya registrados, y que deber&#xE1;n ser consultados por los prestadores a la hora de prescribir algno."/>
      <exampleBoolean value="false"/>
    </resource>
    <resource>
      <extension url="http://hl7.org/fhir/tools/StructureDefinition/resource-information">
        <valueString value="StructureDefinition:resource"/>
      </extension>
      <reference>
        <reference value="StructureDefinition/CoreOrganizacionCl"/>
      </reference>
      <name value="Perfil de Organizaci&#xF3;n de Salud en Chile"/>
      <description value="Este Perfil ha sido desarrollado para cubrir las necesidades del Caso de Uso de Receta Electr&#xF3;nica. Sin embargo, se ha modelado para tambi&#xE9;n cubrir las necesidades nacionales de un Recurso de Organzaci&#xF3;n en Salud"/>
      <exampleBoolean value="false"/>
    </resource>
    <resource>
      <extension url="http://hl7.org/fhir/tools/StructureDefinition/resource-information">
        <valueString value="StructureDefinition:resource"/>
      </extension>
      <reference>
        <reference value="StructureDefinition/CorePacienteCl"/>
      </reference>
      <name value="Perfil Paciente Para Core Nacional"/>
      <description value="Este Perfil ha sido desarrollado para cubrir las necesidades del Caso de Uso de Receta Electr&#xF3;nica. Sin embargo, se ha modelado con el fin de cubrir las necesidades nacionales de un Recurso Paciente para un Historial Cl&#xED;nico Nacional"/>
      <exampleBoolean value="false"/>
    </resource>
    <resource>
      <extension url="http://hl7.org/fhir/tools/StructureDefinition/resource-information">
        <valueString value="StructureDefinition:resource"/>
      </extension>
      <reference>
        <reference value="StructureDefinition/CorePrestadorCl"/>
      </reference>
      <name value="Prestador Core-CL"/>
      <description value="Este Perfil fue creado para cubrir la descripci&#xF3;n de un Prestador a nivel Nacional"/>
      <exampleBoolean value="false"/>
    </resource>
    <resource>
      <extension url="http://hl7.org/fhir/tools/StructureDefinition/resource-information">
        <valueString value="StructureDefinition:extension"/>
      </extension>
      <reference>
        <reference value="StructureDefinition/CodigoPaises"/>
      </reference>
      <name value="Codigo de Identificaci&#xF3;n de pa&#xED;ses"/>
      <description value="Esta extensi&#xF3;n incluye c&#xF3;digos de paises de origen"/>
      <exampleBoolean value="false"/>
    </resource>
    <resource>
      <extension url="http://hl7.org/fhir/tools/StructureDefinition/resource-information">
        <valueString value="ValueSet"/>
      </extension>
      <reference>
        <reference value="ValueSet/CodNacComunas"/>
      </reference>
      <name value="C&#xF3;digos de Comunas en Chile"/>
      <description value="Codigos definidos para identificar una comuna en Chile. Estos a&#xFA;n deben ser llevados a un ValueSet"/>
      <exampleBoolean value="false"/>
    </resource>
    <resource>
      <extension url="http://hl7.org/fhir/tools/StructureDefinition/resource-information">
        <valueString value="ValueSet"/>
      </extension>
      <reference>
        <reference value="ValueSet/CodPais"/>
      </reference>
      <name value="C&#xF3;digos de Pa&#xED;ses"/>
      <description value="Codigos definidos para la identificaci&#xF3;n de pa&#xED;ses segun norma ISO3166-N"/>
      <exampleBoolean value="false"/>
    </resource>
    <resource>
      <extension url="http://hl7.org/fhir/tools/StructureDefinition/resource-information">
        <valueString value="ValueSet"/>
      </extension>
      <reference>
        <reference value="ValueSet/CodProv"/>
      </reference>
      <name value="C&#xF3;digos de Provincias en Chile"/>
      <description value="Codigos definidos para identificar una provincia en Chile. Estos a&#xFA;n deben ser llevados a un ValueSet"/>
      <exampleBoolean value="false"/>
    </resource>
    <resource>
      <extension url="http://hl7.org/fhir/tools/StructureDefinition/resource-information">
        <valueString value="ValueSet"/>
      </extension>
      <reference>
        <reference value="ValueSet/CodReg"/>
      </reference>
      <name value="C&#xF3;digos de Regiones en ChileEstos a&#xFA;n deben ser llevados a un ValueSet"/>
      <description value="Codigos definidos para identificar una comuna en Chile"/>
      <exampleBoolean value="false"/>
    </resource>
    <resource>
      <extension url="http://hl7.org/fhir/tools/StructureDefinition/resource-information">
        <valueString value="ValueSet"/>
      </extension>
      <reference>
        <reference value="ValueSet/Esp-Tabla-DEIS"/>
      </reference>
      <name value="C&#xF3;digos de especialidades seg&#xFA;n DEIS"/>
      <description value="C&#xF3;digos de especialidades m&#xE9;dicas descritas segun DEIS"/>
      <exampleBoolean value="false"/>
    </resource>
    <resource>
      <extension url="http://hl7.org/fhir/tools/StructureDefinition/resource-information">
        <valueString value="ValueSet"/>
      </extension>
      <reference>
        <reference value="ValueSet/COD-Cert-RNPI"/>
      </reference>
      <name value="C&#xF3;digos de tipos de certificaciones segun la Super Intendecia de Salud"/>
      <description value="tipos de certficados reconocibles por la Super Intendecia como v&#xE1;lidos para ejercer en Chile"/>
      <exampleBoolean value="false"/>
    </resource>
    <resource>
      <extension url="http://hl7.org/fhir/tools/StructureDefinition/resource-information">
        <valueString value="PractitionerRole"/>
      </extension>
      <reference>
        <reference value="PractitionerRole/EspecialidadCL"/>
      </reference>
      <name value="Ejemplo de Recurso de especialidad"/>
      <exampleCanonical value="http://core.hl7chile.cl/StructureDefinition/CoreEspecialidadCl"/>
    </resource>
    <resource>
      <extension url="http://hl7.org/fhir/tools/StructureDefinition/resource-information">
        <valueString value="Location"/>
      </extension>
      <reference>
        <reference value="Location/LocalizacionEjemploCL1"/>
      </reference>
      <name value="Ejemplo Localizaci&#xF3;n Farmacia"/>
      <exampleCanonical value="http://core.hl7chile.cl/StructureDefinition/CoreLocalizacionCl"/>
    </resource>
    <resource>
      <extension url="http://hl7.org/fhir/tools/StructureDefinition/resource-information">
        <valueString value="Medication"/>
      </extension>
      <reference>
        <reference value="Medication/MedicamentoCl"/>
      </reference>
      <name value="Ejemplo de comprimido Tareg - D 160"/>
      <exampleCanonical value="http://core.hl7chile.cl/StructureDefinition/CoreMedicamentoCl"/>
    </resource>
    <resource>
      <extension url="http://hl7.org/fhir/tools/StructureDefinition/resource-information">
        <valueString value="Medication"/>
      </extension>
      <reference>
        <reference value="Medication/MedicamentoCl-2"/>
      </reference>
      <name value="Hidroclorotiazida 25 mg + Valsart&#xE1;n 160 mg comprimido"/>
      <exampleCanonical value="http://core.hl7chile.cl/StructureDefinition/CoreMedicamentoCl"/>
    </resource>
    <resource>
      <extension url="http://hl7.org/fhir/tools/StructureDefinition/resource-information">
        <valueString value="Organization"/>
      </extension>
      <reference>
        <reference value="Organization/OrganizacionCl"/>
      </reference>
      <name value="Ejemplo Organizaci&#xF3;n Prestadora de Salud"/>
      <exampleCanonical value="http://core.hl7chile.cl/StructureDefinition/CoreOrganizacionCl"/>
    </resource>
    <resource>
      <extension url="http://hl7.org/fhir/tools/StructureDefinition/resource-information">
        <valueString value="Patient"/>
      </extension>
      <reference>
        <reference value="Patient/PacienteCL"/>
      </reference>
      <name value="Ejemplo de Recurso Paciente Nacional"/>
      <exampleCanonical value="http://core.hl7chile.cl/StructureDefinition/CorePacienteCl"/>
    </resource>
    <resource>
      <extension url="http://hl7.org/fhir/tools/StructureDefinition/resource-information">
        <valueString value="Patient"/>
      </extension>
      <reference>
        <reference value="Patient/PacienteCL2"/>
      </reference>
      <name value="Ejemplo de Recurso Paciente Extranjero"/>
      <exampleCanonical value="http://core.hl7chile.cl/StructureDefinition/CorePacienteCl"/>
    </resource>
    <resource>
      <extension url="http://hl7.org/fhir/tools/StructureDefinition/resource-information">
        <valueString value="Patient"/>
      </extension>
      <reference>
        <reference value="Patient/PacienteCl-3"/>
      </reference>
      <name value="Paciente Nacional, con datos actualizados, declarando nacionalidad"/>
      <exampleCanonical value="http://core.hl7chile.cl/StructureDefinition/CorePacienteCl"/>
    </resource>
    <resource>
      <extension url="http://hl7.org/fhir/tools/StructureDefinition/resource-information">
        <valueString value="Practitioner"/>
      </extension>
      <reference>
        <reference value="Practitioner/PrestadorCL"/>
      </reference>
      <name value="Ejemplo de Recurso Prestador como base para un Core Nacional"/>
      <exampleCanonical value="http://core.hl7chile.cl/StructureDefinition/CorePrestadorCl"/>
    </resource>
    <page>
      <nameUrl value="toc.html"/>
      <title value="Table of Contents"/>
      <generation value="html"/>
      <page>
        <nameUrl value="index.html"/>
        <title value="Home"/>
        <generation value="markdown"/>
      </page>
      <page>
        <nameUrl value="Alcances-Objetivos.html"/>
        <title value="Alcances Objetivos"/>
        <generation value="markdown"/>
      </page>
      <page>
        <nameUrl value="Aspectos-Generales.html"/>
        <title value="Aspectos Generales"/>
        <generation value="markdown"/>
      </page>
      <page>
        <nameUrl value="Balloting.html"/>
        <title value="Balloting"/>
        <generation value="markdown"/>
      </page>
      <page>
        <nameUrl value="Balloting-Validadores.html"/>
        <title value="Balloting Validadores"/>
        <generation value="markdown"/>
      </page>
      <page>
        <nameUrl value="Consolidado-Operaciones.html"/>
        <title value="Consolidado Operaciones"/>
        <generation value="markdown"/>
      </page>
      <page>
        <nameUrl value="Extensiones.html"/>
        <title value="Extensiones"/>
        <generation value="markdown"/>
      </page>
      <page>
        <nameUrl value="Perfiles.html"/>
        <title value="Perfiles"/>
        <generation value="markdown"/>
      </page>
      <page>
        <nameUrl value="Set-De-Validacion-ValueSets.html"/>
        <title value="Set De Validacion Value Sets"/>
        <generation value="markdown"/>
      </page>
      <page>
        <nameUrl value="Set-Ejemplos.html"/>
        <title value="Set Ejemplos"/>
        <generation value="markdown"/>
      </page>
      <page>
        <nameUrl value="Todas-Descargas.html"/>
        <title value="Todas Descargas"/>
        <generation value="markdown"/>
      </page>
    </page>
    <parameter>
      <code value="path-resource"/>
      <value value="input/capabilities"/>
    </parameter>
    <parameter>
      <code value="path-resource"/>
      <value value="input/examples"/>
    </parameter>
    <parameter>
      <code value="path-resource"/>
      <value value="input/extensions"/>
    </parameter>
    <parameter>
      <code value="path-resource"/>
      <value value="input/models"/>
    </parameter>
    <parameter>
      <code value="path-resource"/>
      <value value="input/operations"/>
    </parameter>
    <parameter>
      <code value="path-resource"/>
      <value value="input/profiles"/>
    </parameter>
    <parameter>
      <code value="path-resource"/>
      <value value="input/resources"/>
    </parameter>
    <parameter>
      <code value="path-resource"/>
      <value value="input/vocabulary"/>
    </parameter>
    <parameter>
      <code value="path-resource"/>
      <value value="input/maps"/>
    </parameter>
    <parameter>
      <code value="path-resource"/>
      <value value="input/testing"/>
    </parameter>
    <parameter>
      <code value="path-resource"/>
      <value value="input/history"/>
    </parameter>
    <parameter>
      <code value="path-resource"/>
      <value value="fsh-generated/resources"/>
    </parameter>
    <parameter>
      <code value="path-pages"/>
      <value value="template/config"/>
    </parameter>
    <parameter>
      <code value="path-pages"/>
      <value value="input/images"/>
    </parameter>
    <parameter>
      <code value="path-tx-cache"/>
      <value value="input-cache/txcache"/>
    </parameter>
  </definition>
</ImplementationGuide>