{
  "resourceType": "CodeSystem",
  "id": "CSCodigoDNI",
  "text": {
    "status": "generated",
    "div": "<div xmlns=\"http://www.w3.org/1999/xhtml\"><p>This code system https://hl7chile.cl/fhir/ig/CoreCL/CodeSystem/CSCodigoDNI defines the following codes:</p><table class=\"codes\"><tr><td style=\"white-space:nowrap\"><b>Code</b></td><td><b>Display</b></td></tr><tr><td style=\"white-space:nowrap\">NNBLZ<a name=\"CSCodigoDNI-NNBLZ\"> </a></td><td>Belice</td></tr><tr><td style=\"white-space:nowrap\">NNCRI<a name=\"CSCodigoDNI-NNCRI\"> </a></td><td>Costa Rica</td></tr><tr><td style=\"white-space:nowrap\">NNSLV<a name=\"CSCodigoDNI-NNSLV\"> </a></td><td>El Salvador</td></tr><tr><td style=\"white-space:nowrap\">NNGTM<a name=\"CSCodigoDNI-NNGTM\"> </a></td><td>Guatemala</td></tr><tr><td style=\"white-space:nowrap\">NNHND<a name=\"CSCodigoDNI-NNHND\"> </a></td><td>Honduras</td></tr><tr><td style=\"white-space:nowrap\">NNMEX<a name=\"CSCodigoDNI-NNMEX\"> </a></td><td>México</td></tr><tr><td style=\"white-space:nowrap\">NNNIC<a name=\"CSCodigoDNI-NNNIC\"> </a></td><td>Nicaragua</td></tr><tr><td style=\"white-space:nowrap\">NNPAN<a name=\"CSCodigoDNI-NNPAN\"> </a></td><td>Panamá</td></tr><tr><td style=\"white-space:nowrap\">NNARG<a name=\"CSCodigoDNI-NNARG\"> </a></td><td>Argentina</td></tr><tr><td style=\"white-space:nowrap\">NNBOL<a name=\"CSCodigoDNI-NNBOL\"> </a></td><td>Bolivia</td></tr><tr><td style=\"white-space:nowrap\">NNBRA<a name=\"CSCodigoDNI-NNBRA\"> </a></td><td>Brasil</td></tr><tr><td style=\"white-space:nowrap\">NNCOL<a name=\"CSCodigoDNI-NNCOL\"> </a></td><td>Colombia</td></tr><tr><td style=\"white-space:nowrap\">NNECU<a name=\"CSCodigoDNI-NNECU\"> </a></td><td>Ecuador</td></tr><tr><td style=\"white-space:nowrap\">NNGUY<a name=\"CSCodigoDNI-NNGUY\"> </a></td><td>Guyana</td></tr><tr><td style=\"white-space:nowrap\">NNPRY<a name=\"CSCodigoDNI-NNPRY\"> </a></td><td>Paraguay</td></tr><tr><td style=\"white-space:nowrap\">NNPER<a name=\"CSCodigoDNI-NNPER\"> </a></td><td>Perú</td></tr><tr><td style=\"white-space:nowrap\">NNSUR<a name=\"CSCodigoDNI-NNSUR\"> </a></td><td>Surinam</td></tr><tr><td style=\"white-space:nowrap\">NNURY<a name=\"CSCodigoDNI-NNURY\"> </a></td><td>Uruguay</td></tr><tr><td style=\"white-space:nowrap\">NNVEN<a name=\"CSCodigoDNI-NNVEN\"> </a></td><td>Venezuela</td></tr><tr><td style=\"white-space:nowrap\">NNCHL<a name=\"CSCodigoDNI-NNCHL\"> </a></td><td>Chile</td></tr><tr><td style=\"white-space:nowrap\">NNATG<a name=\"CSCodigoDNI-NNATG\"> </a></td><td>Antigua y Barbuda</td></tr><tr><td style=\"white-space:nowrap\">NNBHS<a name=\"CSCodigoDNI-NNBHS\"> </a></td><td>Bahamas</td></tr><tr><td style=\"white-space:nowrap\">NNBRB<a name=\"CSCodigoDNI-NNBRB\"> </a></td><td>Barbados</td></tr><tr><td style=\"white-space:nowrap\">NNCUB<a name=\"CSCodigoDNI-NNCUB\"> </a></td><td>Cuba</td></tr><tr><td style=\"white-space:nowrap\">NNDMA<a name=\"CSCodigoDNI-NNDMA\"> </a></td><td>Dominica</td></tr><tr><td style=\"white-space:nowrap\">NNGRD<a name=\"CSCodigoDNI-NNGRD\"> </a></td><td>Granada</td></tr><tr><td style=\"white-space:nowrap\">NNHTI<a name=\"CSCodigoDNI-NNHTI\"> </a></td><td>Haití</td></tr><tr><td style=\"white-space:nowrap\">NNJAM<a name=\"CSCodigoDNI-NNJAM\"> </a></td><td>Jamaica</td></tr><tr><td style=\"white-space:nowrap\">NNDOM<a name=\"CSCodigoDNI-NNDOM\"> </a></td><td>República Dominicana</td></tr><tr><td style=\"white-space:nowrap\">NNKNA<a name=\"CSCodigoDNI-NNKNA\"> </a></td><td>San Cristóbal y Nieves</td></tr><tr><td style=\"white-space:nowrap\">NNLCA<a name=\"CSCodigoDNI-NNLCA\"> </a></td><td>Santa Lucía</td></tr><tr><td style=\"white-space:nowrap\">NNVCT<a name=\"CSCodigoDNI-NNVCT\"> </a></td><td>San Vicente y las Granadinas</td></tr><tr><td style=\"white-space:nowrap\">NNTTO<a name=\"CSCodigoDNI-NNTTO\"> </a></td><td>Trinidad y Tobago</td></tr></table></div>"
  },
  "url": "https://hl7chile.cl/fhir/ig/CoreCL/CodeSystem/CSCodigoDNI",
  "version": "1.3.0",
  "name": "CSCodigoDNI",
  "title": "Códigos de Documentos DNI para LATAM y el Caribe",
  "status": "active",
  "date": "2022-01-18T00:00:00-03:00",
  "publisher": "HL7 Chile",
  "contact": [
    {
      "name": "HL7 Chile",
      "telecom": [
        {
          "system": "url",
          "value": "http://hl7chile.cl"
        },
        {
          "system": "email",
          "value": "chair@hl7chile.cl"
        }
      ]
    }
  ],
  "description": "Códigos para los DNI de países de America Latina y el Caribe según indicaciones de VS HL7 de V3",
  "jurisdiction": [
    {
      "coding": [
        {
          "system": "urn:iso:std:iso:3166",
          "code": "CL",
          "display": "Chile"
        }
      ]
    }
  ],
  "copyright": "Usado con el permiso de HL7 International, todos los derechos resevados en los Licencias de HL7 Internacional.",
  "content": "complete",
  "count": 33,
  "concept": [
    {
      "code": "NNBLZ",
      "display": "Belice"
    },
    {
      "code": "NNCRI",
      "display": "Costa Rica"
    },
    {
      "code": "NNSLV",
      "display": "El Salvador"
    },
    {
      "code": "NNGTM",
      "display": "Guatemala"
    },
    {
      "code": "NNHND",
      "display": "Honduras"
    },
    {
      "code": "NNMEX",
      "display": "México"
    },
    {
      "code": "NNNIC",
      "display": "Nicaragua"
    },
    {
      "code": "NNPAN",
      "display": "Panamá"
    },
    {
      "code": "NNARG",
      "display": "Argentina"
    },
    {
      "code": "NNBOL",
      "display": "Bolivia"
    },
    {
      "code": "NNBRA",
      "display": "Brasil"
    },
    {
      "code": "NNCOL",
      "display": "Colombia"
    },
    {
      "code": "NNECU",
      "display": "Ecuador"
    },
    {
      "code": "NNGUY",
      "display": "Guyana"
    },
    {
      "code": "NNPRY",
      "display": "Paraguay"
    },
    {
      "code": "NNPER",
      "display": "Perú"
    },
    {
      "code": "NNSUR",
      "display": "Surinam"
    },
    {
      "code": "NNURY",
      "display": "Uruguay"
    },
    {
      "code": "NNVEN",
      "display": "Venezuela"
    },
    {
      "code": "NNCHL",
      "display": "Chile"
    },
    {
      "code": "NNATG",
      "display": "Antigua y Barbuda"
    },
    {
      "code": "NNBHS",
      "display": "Bahamas"
    },
    {
      "code": "NNBRB",
      "display": "Barbados"
    },
    {
      "code": "NNCUB",
      "display": "Cuba"
    },
    {
      "code": "NNDMA",
      "display": "Dominica"
    },
    {
      "code": "NNGRD",
      "display": "Granada"
    },
    {
      "code": "NNHTI",
      "display": "Haití"
    },
    {
      "code": "NNJAM",
      "display": "Jamaica"
    },
    {
      "code": "NNDOM",
      "display": "República Dominicana"
    },
    {
      "code": "NNKNA",
      "display": "San Cristóbal y Nieves"
    },
    {
      "code": "NNLCA",
      "display": "Santa Lucía"
    },
    {
      "code": "NNVCT",
      "display": "San Vicente y las Granadinas"
    },
    {
      "code": "NNTTO",
      "display": "Trinidad y Tobago"
    }
  ]
}