{
  "resourceType": "Medication",
  "id": "MedicamentoCl",
  "meta": {
    "profile": [
      "https://hl7chile.cl/fhir/ig/CoreCL/StructureDefinition/CoreMedicamentoCl"
    ]
  },
  "text": {
    "status": "generated",
    "div": "<div xmlns=\"http://www.w3.org/1999/xhtml\"><p><b>Generated Narrative</b></p><div style=\"display: inline-block; background-color: #d9e0e7; padding: 6px; margin: 4px; border: 1px solid #8da1b4; border-radius: 5px; line-height: 60%\"><p style=\"margin-bottom: 0px\">Resource \"MedicamentoCl\" </p><p style=\"margin-bottom: 0px\">Profile: <a href=\"StructureDefinition-CoreMedicamentoCl.html\">Medicamento Core Nacional</a></p></div><p><b>identifier</b>: id: 1991971000167110 (OFFICIAL), id: 840851000167103 (OFFICIAL)</p><p><b>code</b>: Tareg - D 160 / 25 comprimido recubierto (Novartis) <span style=\"background: LightGoldenRodYellow; margin: 4px; border: 1px solid khaki\"> (description-id#1991971000167110)</span></p></div>"
  },
  "identifier": [
    {
      "use": "official",
      "system": "http://minsal.cl/semantikos/description-id",
      "value": "1991971000167110"
    },
    {
      "use": "official",
      "system": "http://minsal.cl/semantikos/concept-id",
      "value": "840851000167103"
    }
  ],
  "code": {
    "coding": [
      {
        "system": "http://minsal.cl/semantikos/description-id",
        "code": "1991971000167110",
        "display": "Tareg - D 160 / 25 comprimido recubierto (Novartis)"
      }
    ],
    "text": "Tareg - D 160 / 25 comprimido recubierto (Novartis)"
  }
}