{
  "resourceType": "Patient",
  "id": "PacienteCL2",
  "meta": {
    "profile": [
      "https://hl7chile.cl/fhir/ig/CoreCL/StructureDefinition/CorePacienteCl"
    ]
  },
  "text": {
    "status": "extensions",
    "div": "<div xmlns=\"http://www.w3.org/1999/xhtml\"><p><b>Generated Narrative</b></p><div style=\"display: inline-block; background-color: #d9e0e7; padding: 6px; margin: 4px; border: 1px solid #8da1b4; border-radius: 5px; line-height: 60%\"><p style=\"margin-bottom: 0px\">Resource \"PacienteCL2\" </p><p style=\"margin-bottom: 0px\">Profile: <a href=\"StructureDefinition-CorePacienteCl.html\">Perfil Paciente Para Core Nacional</a></p></div><p><b>Codigo de Identificación de países</b>: El Salvador <span style=\"background: LightGoldenRodYellow; margin: 4px; border: 1px solid khaki\"> (unknown#222)</span></p><p><b>identifier</b>: Passport number: P3334521.2 (OFFICIAL)</p><p><b>active</b>: true</p><p><b>name</b>: Wilmer Andres de Dios Cabrales (OFFICIAL)</p><p><b>telecom</b>: <a href=\"mailto:wilCAB12l@wilmermail.com\">wilCAB12l@wilmermail.com</a></p><p><b>gender</b>: male</p><p><b>birthDate</b>: 1968-11-03</p><p><b>address</b>: Calle 4 Norte, 52, pieza 802 15101 15 152 (TEMP)</p></div>"
  },
  "extension": [
    {
      "url": "https://hl7chile.cl/fhir/ig/CoreCL/StructureDefinition/CodigoPaises",
      "valueCodeableConcept": {
        "coding": [
          {
            "system": "urn:iso:std:iso:3166",
            "code": "222",
            "display": "El Salvador"
          }
        ]
      }
    }
  ],
  "identifier": [
    {
      "use": "official",
      "type": {
        "extension": [
          {
            "url": "https://hl7chile.cl/fhir/ig/CoreCL/StructureDefinition/CodigoPaises",
            "valueCodeableConcept": {
              "coding": [
                {
                  "system": "urn:iso:std:iso:3166",
                  "code": "222",
                  "display": "El Salvador"
                }
              ]
            }
          }
        ],
        "coding": [
          {
            "system": "http://terminology.hl7.org/CodeSystem/v2-0203",
            "code": "PPN",
            "display": "Passport number"
          }
        ]
      },
      "system": "http://Pasaportes.cl/Validacion/Pass",
      "value": "P3334521.2"
    }
  ],
  "active": true,
  "name": [
    {
      "use": "official",
      "family": "Cabrales",
      "_family": {
        "extension": [
          {
            "url": "http://hl7.org/fhir/StructureDefinition/humanname-mothers-family",
            "valueString": "Rivas"
          }
        ]
      },
      "given": [
        "Wilmer",
        "Andres",
        "de Dios"
      ]
    }
  ],
  "telecom": [
    {
      "system": "email",
      "value": "wilCAB12l@wilmermail.com",
      "use": "home"
    }
  ],
  "gender": "male",
  "birthDate": "1968-11-03",
  "address": [
    {
      "use": "temp",
      "line": [
        "Calle 4 Norte, 52, pieza 802"
      ],
      "city": "15101",
      "district": "151",
      "state": "15",
      "country": "152"
    }
  ]
}