{
  "resourceType": "Practitioner",
  "id": "3240",
  "meta": {
    "profile": [
      "https://hl7chile.cl/fhir/ig/CoreCL/StructureDefinition/CorePrestadorCl"
    ]
  },
  "text": {
    "status": "generated",
    "div": "<div xmlns=\"http://www.w3.org/1999/xhtml\"><p><b>Generated Narrative</b></p><div style=\"display: inline-block; background-color: #d9e0e7; padding: 6px; margin: 4px; border: 1px solid #8da1b4; border-radius: 5px; line-height: 60%\"><p style=\"margin-bottom: 0px\">Resource \"3240\" </p><p style=\"margin-bottom: 0px\">Profile: <a href=\"StructureDefinition-CorePrestadorCl.html\">Prestador Core-CL</a></p></div><p><b>identifier</b>: id: 8336277-3 (OFFICIAL), id: 999999 (SECONDARY)</p><p><b>active</b>: true</p><p><b>name</b>: Johanna Rosa null (OFFICIAL)</p><p><b>telecom</b>: ph: 9345666(MOBILE), <a href=\"mailto:DraSilva@mimail.com\">DraSilva@mimail.com</a></p><p><b>address</b>: Naranjos, 22, depto 32 09101 09 152 (HOME)</p><p><b>gender</b>: female</p><p><b>birthDate</b>: 1974-08-12</p><blockquote><p><b>qualification</b></p><p><b>code</b>: Certificado(s) <span style=\"background: LightGoldenRodYellow; margin: 4px; border: 1px solid khaki\"> (#2112 \"Certificado Profesional Médico Cirujano\")</span></p></blockquote><blockquote><p><b>qualification</b></p><p><b>code</b>: Especialidad(es) <span style=\"background: LightGoldenRodYellow; margin: 4px; border: 1px solid khaki\"> (#122 \"Cardiólogia\")</span></p></blockquote><blockquote><p><b>qualification</b></p><p><b>code</b>: Especialidad(es) <span style=\"background: LightGoldenRodYellow; margin: 4px; border: 1px solid khaki\"> (#1234 \"Medicina interna\")</span></p></blockquote></div>"
  },
  "identifier": [
    {
      "use": "official",
      "system": "http://api_run/run",
      "value": "8336277-3"
    },
    {
      "use": "secondary",
      "value": "999999"
    }
  ],
  "active": true,
  "name": [
    {
      "use": "official",
      "_family": {
        "extension": [
          {
            "url": "http://hl7.org/fhir/StructureDefinition/humanname-mothers-family",
            "valueString": "Reyes"
          }
        ]
      },
      "given": [
        "Johanna",
        "Rosa"
      ]
    }
  ],
  "telecom": [
    {
      "system": "phone",
      "value": "9345666",
      "use": "mobile"
    },
    {
      "system": "email",
      "value": "DraSilva@mimail.com",
      "use": "work"
    }
  ],
  "address": [
    {
      "use": "home",
      "line": [
        "Naranjos, 22, depto 32"
      ],
      "city": "09101",
      "district": "091",
      "state": "09",
      "country": "152"
    }
  ],
  "gender": "female",
  "birthDate": "1974-08-12",
  "qualification": [
    {
      "code": {
        "coding": [
          {
            "system": "https://api.minsal.cl/v1/catalogos/profesiones/",
            "code": "2112",
            "display": "Certificado Profesional Médico Cirujano"
          }
        ],
        "text": "Certificado(s)"
      }
    },
    {
      "code": {
        "coding": [
          {
            "system": "https://api.minsal.cl/v1/catalogos/tiposEspecialidadMedica/",
            "code": "122",
            "display": "Cardiólogia"
          }
        ],
        "text": "Especialidad(es)"
      }
    },
    {
      "code": {
        "coding": [
          {
            "system": "https://api.minsal.cl/v1/catalogos/tiposEspecialidadMedica/",
            "code": "1234",
            "display": "Medicina interna"
          }
        ],
        "text": "Especialidad(es)"
      }
    }
  ]
}