{
  "package": "hl7.fhir.cl.CoreCH",
  "version": "1.3.0",
  "fhirVersion": "4.0.1",
  "jurisdiction": "CL",
  "extensions": [
    {
      "url": "https://hl7chile.cl/fhir/ig/CoreCL/StructureDefinition/CodigoPaises",
      "title": "Codigo de Identificación de países",
      "types": [
        "CodeableConcept",
        "CodeableConcept",
        "string",
        "Extension",
        "Coding",
        "string",
        "Extension",
        "uri",
        "string",
        "code",
        "string",
        "boolean",
        "string"
      ]
    },
    {
      "url": "https://hl7chile.cl/fhir/ig/CoreCL/StructureDefinition/IdContacto",
      "title": "Identificación del Contacto de un Paciente",
      "types": [
        "Identifier",
        "Coding",
        "Coding",
        "base64Binary",
        "boolean",
        "canonical",
        "code",
        "date",
        "dateTime",
        "decimal",
        "id",
        "instant",
        "integer",
        "markdown",
        "oid",
        "positiveInt",
        "string",
        "time",
        "unsignedInt",
        "uri",
        "url",
        "uuid",
        "Address",
        "Age",
        "Annotation",
        "Attachment",
        "CodeableConcept",
        "Coding",
        "ContactPoint",
        "Count",
        "Distance",
        "Duration",
        "HumanName",
        "Identifier",
        "Money",
        "Period",
        "Quantity",
        "Range",
        "Ratio",
        "Reference",
        "SampledData",
        "Signature",
        "Timing",
        "ContactDetail",
        "Contributor",
        "DataRequirement",
        "Expression",
        "ParameterDefinition",
        "RelatedArtifact",
        "TriggerDefinition",
        "UsageContext",
        "Dosage",
        "Meta"
      ]
    }
  ],
  "profiles": {
    "AuditEvent": [
      {
        "url": "https://hl7chile.cl/fhir/ig/CoreCL/StructureDefinition/AuditEventCl",
        "title": "Perfil para log de seguridad de acceso a recursos"
      }
    ],
    "Bundle": [
      {
        "url": "https://hl7chile.cl/fhir/ig/CoreCL/StructureDefinition/BundleCl",
        "title": "BundleCL"
      }
    ],
    "PractitionerRole": [
      {
        "url": "https://hl7chile.cl/fhir/ig/CoreCL/StructureDefinition/CoreEspecialidadCl",
        "title": "Perfil utilizaco para asignar una o mas especialidades medicas a un prestador de salud."
      }
    ],
    "Location": [
      {
        "url": "https://hl7chile.cl/fhir/ig/CoreCL/StructureDefinition/CoreLocalizacionCl",
        "title": "Perfil de Localización de Objetos e Infraestructura"
      }
    ],
    "Medication": [
      {
        "url": "https://hl7chile.cl/fhir/ig/CoreCL/StructureDefinition/CoreMedicamentoCl",
        "title": "Medicamento Core Nacional"
      }
    ],
    "Organization": [
      {
        "url": "https://hl7chile.cl/fhir/ig/CoreCL/StructureDefinition/CoreOrganizacionCl",
        "title": "Perfil de Organización de Salud en Chile"
      }
    ],
    "Patient": [
      {
        "url": "https://hl7chile.cl/fhir/ig/CoreCL/StructureDefinition/CorePacienteCl",
        "title": "Perfil Paciente Para Core Nacional"
      }
    ],
    "Practitioner": [
      {
        "url": "https://hl7chile.cl/fhir/ig/CoreCL/StructureDefinition/CorePrestadorCl",
        "title": "Prestador Core-CL"
      }
    ],
    "Provenance": [
      {
        "url": "https://hl7chile.cl/fhir/ig/CoreCL/StructureDefinition/ProvenanceCl",
        "title": "Validación de la Procedencia de Recursos"
      }
    ]
  },
  "usage": {
    "http://hl7.org/fhir/StructureDefinition/elementdefinition-bestpractice": [
      "StructureDefinition.snapshot.element.constraint"
    ],
    "http://hl7.org/fhir/StructureDefinition/elementdefinition-bestpractice-explanation": [
      "StructureDefinition.snapshot.element.constraint"
    ],
    "http://hl7.org/fhir/StructureDefinition/elementdefinition-bindingName": [
      "StructureDefinition.snapshot.element.binding"
    ],
    "http://hl7.org/fhir/StructureDefinition/elementdefinition-isCommonBinding": [
      "StructureDefinition.snapshot.element.binding"
    ],
    "http://hl7.org/fhir/StructureDefinition/elementdefinition-maxValueSet": [
      "StructureDefinition.snapshot.element.binding"
    ],
    "http://hl7.org/fhir/StructureDefinition/elementdefinition-translatable": [
      "StructureDefinition.snapshot.element"
    ],
    "http://hl7.org/fhir/StructureDefinition/humanname-mothers-family": [
      "Patient.contact.name.family",
      "Patient.name.family",
      "Practitioner.name.family"
    ],
    "http://hl7.org/fhir/StructureDefinition/regex": [
      "StructureDefinition.snapshot.element.type"
    ],
    "http://hl7.org/fhir/StructureDefinition/structuredefinition-category": [
      "StructureDefinition"
    ],
    "http://hl7.org/fhir/StructureDefinition/structuredefinition-explicit-type-name": [
      "StructureDefinition.snapshot.element"
    ],
    "http://hl7.org/fhir/StructureDefinition/structuredefinition-fhir-type": [
      "StructureDefinition.snapshot.element.type"
    ],
    "http://hl7.org/fhir/StructureDefinition/structuredefinition-hierarchy": [
      "StructureDefinition.snapshot.element.type"
    ],
    "http://hl7.org/fhir/StructureDefinition/structuredefinition-security-category": [
      "StructureDefinition"
    ],
    "http://hl7.org/fhir/StructureDefinition/structuredefinition-standards-status": [
      "StructureDefinition.snapshot.element"
    ],
    "http://hl7.org/fhir/tools/StructureDefinition/ig-parameter": [
      "ImplementationGuide.definition"
    ],
    "http://hl7.org/fhir/tools/StructureDefinition/resource-information": [
      "ImplementationGuide.definition.resource"
    ],
    "https://hl7chile.cl/fhir/ig/CoreCL/StructureDefinition/CodigoPaises": [
      "Patient",
      "Patient.identifier.type"
    ],
    "https://hl7chile.cl/fhir/ig/CoreCL/StructureDefinition/IdContacto": [
      "Patient.contact"
    ]
  }
}