<?xml version="1.0" encoding="UTF-8"?><ValueSet xmlns="http://hl7.org/fhir"><id value="CodPais"/><text><status value="generated"/><div xmlns="http://www.w3.org/1999/xhtml"><ul><li>Include all codes defined in <a href="http://terminology.hl7.org/4.0.0/CodeSystem-ISO3166Part1.html"><code>urn:iso:std:iso:3166</code></a></li></ul></div></text><url value="https://hl7chile.cl/fhir/ig/corecl/ValueSet/CodPais"/><version value="1.7.0"/><name value="CodPaises"/><title value="Códigos de Países"/><status value="active"/><date value="2022-01-18T00:00:00-03:00"/><publisher value="HL7 Chile"/><contact><name value="HL7 Chile"/><telecom><system value="url"/><value value="http://hl7chile.cl"/></telecom><telecom><system value="email"/><value value="chair@hl7chile.cl"/></telecom></contact><description value="Codigos definidos para la identificación de países segun norma ISO3166-N"/><jurisdiction><coding><system value="urn:iso:std:iso:3166"/><code value="CL"/><display value="Chile"/></coding></jurisdiction><copyright value="All content on ISO Online is copyright protected. The copyright is owned by ISO. Any use of the content, including copying of it in whole or in part, for example to another Internet site, is prohibited and would require written permission from ISO."/><compose><include><system value="urn:iso:std:iso:3166"/></include></compose></ValueSet>